<?xml version="1.0" encoding="utf-8"?>
<AdditionalInfo>
  <CTypeInfo>
    <RtlPort>
      <name>ap_clk</name>
      <type>bool</type>
      <fractionWidth>0</fractionWidth>
    </RtlPort>
    <RtlPort>
      <name>ap_rst</name>
      <type>bool</type>
      <fractionWidth>0</fractionWidth>
    </RtlPort>
    <RtlPort>
      <name>ap_start</name>
      <type>bool</type>
      <fractionWidth>0</fractionWidth>
    </RtlPort>
    <RtlPort>
      <name>ap_done</name>
      <type>bool</type>
      <fractionWidth>0</fractionWidth>
    </RtlPort>
    <RtlPort>
      <name>ap_idle</name>
      <type>bool</type>
      <fractionWidth>0</fractionWidth>
    </RtlPort>
    <RtlPort>
      <name>ap_ready</name>
      <type>bool</type>
      <fractionWidth>0</fractionWidth>
    </RtlPort>
    <RtlPort>
      <name>ap_ce</name>
      <type>bool</type>
      <fractionWidth>0</fractionWidth>
    </RtlPort>
    <RtlPort>
      <name>row1</name>
      <type>Unsigned</type>
      <fractionWidth>0</fractionWidth>
    </RtlPort>
    <RtlPort>
      <name>row2</name>
      <type>Unsigned</type>
      <fractionWidth>0</fractionWidth>
    </RtlPort>
    <RtlPort>
      <name>row3</name>
      <type>Unsigned</type>
      <fractionWidth>0</fractionWidth>
    </RtlPort>
    <RtlPort>
      <name>V</name>
      <type>Unsigned</type>
      <fractionWidth>0</fractionWidth>
    </RtlPort>
    <RtlPort>
      <name>V_ap_vld</name>
      <type>bool</type>
      <fractionWidth>0</fractionWidth>
    </RtlPort>
  </CTypeInfo>
  <DesignConstraint>
    <clk_period>10.000</clk_period>
  </DesignConstraint>
  <Machine>64</Machine>
  <modelParameters>
    <combinational>0</combinational>
    <latency>2</latency>
    <II>1</II>
  </modelParameters>
</AdditionalInfo>
