<annotationInfo>
<item  id="32" filename="MedianFilter.cpp" linenumber="10" name="icmp_ln10" contextFuncName="OptMedian9" moduleName="MedianFilter" rtlName="icmp_ln10_fu_123_p2" latency="0" BRAM="-1" DSP="-1" FF="0" LUT="11" fileDirectory="/proj/dsv_xhd/viswanad/Sysgen_tutorial/Lab2/C_code/solution"><\/item>
<item  id="33" filename="MedianFilter.cpp" linenumber="10" name="select_ln10" contextFuncName="OptMedian9" moduleName="MedianFilter" rtlName="select_ln10_fu_129_p3" latency="0" BRAM="-1" DSP="-1" FF="0" LUT="8" fileDirectory="/proj/dsv_xhd/viswanad/Sysgen_tutorial/Lab2/C_code/solution"><\/item>
<item  id="34" filename="MedianFilter.cpp" linenumber="10" name="select_ln10_1" contextFuncName="OptMedian9" moduleName="MedianFilter" rtlName="select_ln10_1_fu_137_p3" latency="0" BRAM="-1" DSP="-1" FF="0" LUT="8" fileDirectory="/proj/dsv_xhd/viswanad/Sysgen_tutorial/Lab2/C_code/solution"><\/item>
<item  id="35" filename="MedianFilter.cpp" linenumber="10" name="icmp_ln10_1" contextFuncName="OptMedian9" moduleName="MedianFilter" rtlName="icmp_ln10_1_fu_145_p2" latency="0" BRAM="-1" DSP="-1" FF="0" LUT="11" fileDirectory="/proj/dsv_xhd/viswanad/Sysgen_tutorial/Lab2/C_code/solution"><\/item>
<item  id="36" filename="MedianFilter.cpp" linenumber="10" name="select_ln10_2" contextFuncName="OptMedian9" moduleName="MedianFilter" rtlName="select_ln10_2_fu_151_p3" latency="0" BRAM="-1" DSP="-1" FF="0" LUT="8" fileDirectory="/proj/dsv_xhd/viswanad/Sysgen_tutorial/Lab2/C_code/solution"><\/item>
<item  id="37" filename="MedianFilter.cpp" linenumber="10" name="select_ln10_3" contextFuncName="OptMedian9" moduleName="MedianFilter" rtlName="select_ln10_3_fu_159_p3" latency="0" BRAM="-1" DSP="-1" FF="0" LUT="8" fileDirectory="/proj/dsv_xhd/viswanad/Sysgen_tutorial/Lab2/C_code/solution"><\/item>
<item  id="38" filename="MedianFilter.cpp" linenumber="10" name="icmp_ln10_2" contextFuncName="OptMedian9" moduleName="MedianFilter" rtlName="icmp_ln10_2_fu_167_p2" latency="0" BRAM="-1" DSP="-1" FF="0" LUT="11" fileDirectory="/proj/dsv_xhd/viswanad/Sysgen_tutorial/Lab2/C_code/solution"><\/item>
<item  id="39" filename="MedianFilter.cpp" linenumber="10" name="select_ln10_4" contextFuncName="OptMedian9" moduleName="MedianFilter" rtlName="select_ln10_4_fu_173_p3" latency="0" BRAM="-1" DSP="-1" FF="0" LUT="8" fileDirectory="/proj/dsv_xhd/viswanad/Sysgen_tutorial/Lab2/C_code/solution"><\/item>
<item  id="40" filename="MedianFilter.cpp" linenumber="10" name="select_ln10_5" contextFuncName="OptMedian9" moduleName="MedianFilter" rtlName="select_ln10_5_fu_181_p3" latency="0" BRAM="-1" DSP="-1" FF="0" LUT="8" fileDirectory="/proj/dsv_xhd/viswanad/Sysgen_tutorial/Lab2/C_code/solution"><\/item>
<item  id="41" filename="MedianFilter.cpp" linenumber="11" name="icmp_ln11" contextFuncName="OptMedian9" moduleName="MedianFilter" rtlName="icmp_ln11_fu_189_p2" latency="0" BRAM="-1" DSP="-1" FF="0" LUT="11" fileDirectory="/proj/dsv_xhd/viswanad/Sysgen_tutorial/Lab2/C_code/solution"><\/item>
<item  id="42" filename="MedianFilter.cpp" linenumber="11" name="temp_1" contextFuncName="OptMedian9" moduleName="MedianFilter" rtlName="temp_1_fu_195_p3" latency="0" BRAM="-1" DSP="-1" FF="0" LUT="8" fileDirectory="/proj/dsv_xhd/viswanad/Sysgen_tutorial/Lab2/C_code/solution"><\/item>
<item  id="43" filename="MedianFilter.cpp" linenumber="11" name="temp_2" contextFuncName="OptMedian9" moduleName="MedianFilter" rtlName="temp_2_fu_203_p3" latency="0" BRAM="-1" DSP="-1" FF="0" LUT="8" fileDirectory="/proj/dsv_xhd/viswanad/Sysgen_tutorial/Lab2/C_code/solution"><\/item>
<item  id="44" filename="MedianFilter.cpp" linenumber="11" name="icmp_ln11_1" contextFuncName="OptMedian9" moduleName="MedianFilter" rtlName="icmp_ln11_1_fu_211_p2" latency="0" BRAM="-1" DSP="-1" FF="0" LUT="11" fileDirectory="/proj/dsv_xhd/viswanad/Sysgen_tutorial/Lab2/C_code/solution"><\/item>
<item  id="45" filename="MedianFilter.cpp" linenumber="11" name="select_ln11" contextFuncName="OptMedian9" moduleName="MedianFilter" rtlName="select_ln11_fu_217_p3" latency="0" BRAM="-1" DSP="-1" FF="0" LUT="8" fileDirectory="/proj/dsv_xhd/viswanad/Sysgen_tutorial/Lab2/C_code/solution"><\/item>
<item  id="46" filename="MedianFilter.cpp" linenumber="11" name="temp_3" contextFuncName="OptMedian9" moduleName="MedianFilter" rtlName="temp_3_fu_225_p3" latency="0" BRAM="-1" DSP="-1" FF="0" LUT="8" fileDirectory="/proj/dsv_xhd/viswanad/Sysgen_tutorial/Lab2/C_code/solution"><\/item>
<item  id="47" filename="MedianFilter.cpp" linenumber="11" name="icmp_ln11_2" contextFuncName="OptMedian9" moduleName="MedianFilter" rtlName="icmp_ln11_2_fu_233_p2" latency="0" BRAM="-1" DSP="-1" FF="0" LUT="11" fileDirectory="/proj/dsv_xhd/viswanad/Sysgen_tutorial/Lab2/C_code/solution"><\/item>
<item  id="48" filename="MedianFilter.cpp" linenumber="11" name="select_ln11_3" contextFuncName="OptMedian9" moduleName="MedianFilter" rtlName="select_ln11_3_fu_239_p3" latency="0" BRAM="-1" DSP="-1" FF="0" LUT="8" fileDirectory="/proj/dsv_xhd/viswanad/Sysgen_tutorial/Lab2/C_code/solution"><\/item>
<item  id="49" filename="MedianFilter.cpp" linenumber="11" name="temp_4" contextFuncName="OptMedian9" moduleName="MedianFilter" rtlName="temp_4_fu_247_p3" latency="0" BRAM="-1" DSP="-1" FF="0" LUT="8" fileDirectory="/proj/dsv_xhd/viswanad/Sysgen_tutorial/Lab2/C_code/solution"><\/item>
<item  id="50" filename="MedianFilter.cpp" linenumber="12" name="icmp_ln12" contextFuncName="OptMedian9" moduleName="MedianFilter" rtlName="icmp_ln12_fu_255_p2" latency="0" BRAM="-1" DSP="-1" FF="0" LUT="11" fileDirectory="/proj/dsv_xhd/viswanad/Sysgen_tutorial/Lab2/C_code/solution"><\/item>
<item  id="51" filename="MedianFilter.cpp" linenumber="12" name="temp_5" contextFuncName="OptMedian9" moduleName="MedianFilter" rtlName="temp_5_fu_261_p3" latency="0" BRAM="-1" DSP="-1" FF="0" LUT="8" fileDirectory="/proj/dsv_xhd/viswanad/Sysgen_tutorial/Lab2/C_code/solution"><\/item>
<item  id="52" filename="MedianFilter.cpp" linenumber="12" name="temp_6" contextFuncName="OptMedian9" moduleName="MedianFilter" rtlName="temp_6_fu_269_p3" latency="0" BRAM="-1" DSP="-1" FF="0" LUT="8" fileDirectory="/proj/dsv_xhd/viswanad/Sysgen_tutorial/Lab2/C_code/solution"><\/item>
<item  id="53" filename="MedianFilter.cpp" linenumber="12" name="icmp_ln12_1" contextFuncName="OptMedian9" moduleName="MedianFilter" rtlName="icmp_ln12_1_fu_277_p2" latency="0" BRAM="-1" DSP="-1" FF="0" LUT="11" fileDirectory="/proj/dsv_xhd/viswanad/Sysgen_tutorial/Lab2/C_code/solution"><\/item>
<item  id="54" filename="MedianFilter.cpp" linenumber="12" name="temp_7" contextFuncName="OptMedian9" moduleName="MedianFilter" rtlName="temp_7_fu_283_p3" latency="0" BRAM="-1" DSP="-1" FF="0" LUT="8" fileDirectory="/proj/dsv_xhd/viswanad/Sysgen_tutorial/Lab2/C_code/solution"><\/item>
<item  id="55" filename="MedianFilter.cpp" linenumber="12" name="temp_8" contextFuncName="OptMedian9" moduleName="MedianFilter" rtlName="temp_8_fu_291_p3" latency="0" BRAM="-1" DSP="-1" FF="0" LUT="8" fileDirectory="/proj/dsv_xhd/viswanad/Sysgen_tutorial/Lab2/C_code/solution"><\/item>
<item  id="56" filename="MedianFilter.cpp" linenumber="12" name="icmp_ln12_2" contextFuncName="OptMedian9" moduleName="MedianFilter" rtlName="icmp_ln12_2_fu_299_p2" latency="0" BRAM="-1" DSP="-1" FF="0" LUT="11" fileDirectory="/proj/dsv_xhd/viswanad/Sysgen_tutorial/Lab2/C_code/solution"><\/item>
<item  id="57" filename="MedianFilter.cpp" linenumber="12" name="select_ln12" contextFuncName="OptMedian9" moduleName="MedianFilter" rtlName="select_ln12_fu_305_p3" latency="0" BRAM="-1" DSP="-1" FF="0" LUT="8" fileDirectory="/proj/dsv_xhd/viswanad/Sysgen_tutorial/Lab2/C_code/solution"><\/item>
<item  id="58" filename="MedianFilter.cpp" linenumber="12" name="select_ln12_2" contextFuncName="OptMedian9" moduleName="MedianFilter" rtlName="select_ln12_2_fu_313_p3" latency="0" BRAM="-1" DSP="-1" FF="0" LUT="8" fileDirectory="/proj/dsv_xhd/viswanad/Sysgen_tutorial/Lab2/C_code/solution"><\/item>
<item  id="59" filename="MedianFilter.cpp" linenumber="13" name="icmp_ln13" contextFuncName="OptMedian9" moduleName="MedianFilter" rtlName="icmp_ln13_fu_321_p2" latency="0" BRAM="-1" DSP="-1" FF="0" LUT="11" fileDirectory="/proj/dsv_xhd/viswanad/Sysgen_tutorial/Lab2/C_code/solution"><\/item>
<item  id="60" filename="MedianFilter.cpp" linenumber="13" name="temp_9" contextFuncName="OptMedian9" moduleName="MedianFilter" rtlName="temp_9_fu_327_p3" latency="0" BRAM="-1" DSP="-1" FF="0" LUT="8" fileDirectory="/proj/dsv_xhd/viswanad/Sysgen_tutorial/Lab2/C_code/solution"><\/item>
<item  id="61" filename="MedianFilter.cpp" linenumber="13" name="icmp_ln13_1" contextFuncName="OptMedian9" moduleName="MedianFilter" rtlName="icmp_ln13_1_fu_335_p2" latency="0" BRAM="-1" DSP="-1" FF="0" LUT="11" fileDirectory="/proj/dsv_xhd/viswanad/Sysgen_tutorial/Lab2/C_code/solution"><\/item>
<item  id="62" filename="MedianFilter.cpp" linenumber="13" name="select_ln13" contextFuncName="OptMedian9" moduleName="MedianFilter" rtlName="select_ln13_fu_341_p3" latency="0" BRAM="-1" DSP="-1" FF="0" LUT="8" fileDirectory="/proj/dsv_xhd/viswanad/Sysgen_tutorial/Lab2/C_code/solution"><\/item>
<item  id="63" filename="MedianFilter.cpp" linenumber="13" name="icmp_ln13_2" contextFuncName="OptMedian9" moduleName="MedianFilter" rtlName="icmp_ln13_2_fu_349_p2" latency="0" BRAM="-1" DSP="-1" FF="0" LUT="11" fileDirectory="/proj/dsv_xhd/viswanad/Sysgen_tutorial/Lab2/C_code/solution"><\/item>
<item  id="64" filename="MedianFilter.cpp" linenumber="13" name="select_ln13_1" contextFuncName="OptMedian9" moduleName="MedianFilter" rtlName="select_ln13_1_fu_355_p3" latency="0" BRAM="-1" DSP="-1" FF="0" LUT="8" fileDirectory="/proj/dsv_xhd/viswanad/Sysgen_tutorial/Lab2/C_code/solution"><\/item>
<item  id="65" filename="MedianFilter.cpp" linenumber="13" name="select_ln13_2" contextFuncName="OptMedian9" moduleName="MedianFilter" rtlName="select_ln13_2_fu_363_p3" latency="0" BRAM="-1" DSP="-1" FF="0" LUT="8" fileDirectory="/proj/dsv_xhd/viswanad/Sysgen_tutorial/Lab2/C_code/solution"><\/item>
<item  id="66" filename="MedianFilter.cpp" linenumber="14" name="icmp_ln14" contextFuncName="OptMedian9" moduleName="MedianFilter" rtlName="icmp_ln14_fu_371_p2" latency="0" BRAM="-1" DSP="-1" FF="0" LUT="11" fileDirectory="/proj/dsv_xhd/viswanad/Sysgen_tutorial/Lab2/C_code/solution"><\/item>
<item  id="67" filename="MedianFilter.cpp" linenumber="14" name="temp_10" contextFuncName="OptMedian9" moduleName="MedianFilter" rtlName="temp_10_fu_377_p3" latency="0" BRAM="-1" DSP="-1" FF="0" LUT="8" fileDirectory="/proj/dsv_xhd/viswanad/Sysgen_tutorial/Lab2/C_code/solution"><\/item>
<item  id="68" filename="MedianFilter.cpp" linenumber="14" name="icmp_ln14_1" contextFuncName="OptMedian9" moduleName="MedianFilter" rtlName="icmp_ln14_1_fu_385_p2" latency="0" BRAM="-1" DSP="-1" FF="0" LUT="11" fileDirectory="/proj/dsv_xhd/viswanad/Sysgen_tutorial/Lab2/C_code/solution"><\/item>
<item  id="69" filename="MedianFilter.cpp" linenumber="14" name="temp_11" contextFuncName="OptMedian9" moduleName="MedianFilter" rtlName="temp_11_fu_389_p3" latency="0" BRAM="-1" DSP="-1" FF="0" LUT="8" fileDirectory="/proj/dsv_xhd/viswanad/Sysgen_tutorial/Lab2/C_code/solution"><\/item>
<item  id="70" filename="MedianFilter.cpp" linenumber="14" name="icmp_ln14_2" contextFuncName="OptMedian9" moduleName="MedianFilter" rtlName="icmp_ln14_2_fu_395_p2" latency="0" BRAM="-1" DSP="-1" FF="0" LUT="11" fileDirectory="/proj/dsv_xhd/viswanad/Sysgen_tutorial/Lab2/C_code/solution"><\/item>
<item  id="71" filename="MedianFilter.cpp" linenumber="14" name="select_ln14" contextFuncName="OptMedian9" moduleName="MedianFilter" rtlName="select_ln14_fu_399_p3" latency="0" BRAM="-1" DSP="-1" FF="0" LUT="8" fileDirectory="/proj/dsv_xhd/viswanad/Sysgen_tutorial/Lab2/C_code/solution"><\/item>
<item  id="72" filename="MedianFilter.cpp" linenumber="15" name="icmp_ln15" contextFuncName="OptMedian9" moduleName="MedianFilter" rtlName="icmp_ln15_fu_405_p2" latency="0" BRAM="-1" DSP="-1" FF="0" LUT="11" fileDirectory="/proj/dsv_xhd/viswanad/Sysgen_tutorial/Lab2/C_code/solution"><\/item>
<item  id="73" filename="MedianFilter.cpp" linenumber="15" name="temp_12" contextFuncName="OptMedian9" moduleName="MedianFilter" rtlName="temp_12_fu_410_p3" latency="0" BRAM="-1" DSP="-1" FF="0" LUT="8" fileDirectory="/proj/dsv_xhd/viswanad/Sysgen_tutorial/Lab2/C_code/solution"><\/item>
<item  id="74" filename="MedianFilter.cpp" linenumber="15" name="icmp_ln15_1" contextFuncName="OptMedian9" moduleName="MedianFilter" rtlName="icmp_ln15_1_fu_417_p2" latency="0" BRAM="-1" DSP="-1" FF="0" LUT="11" fileDirectory="/proj/dsv_xhd/viswanad/Sysgen_tutorial/Lab2/C_code/solution"><\/item>
<item  id="75" filename="MedianFilter.cpp" linenumber="15" name="select_ln15" contextFuncName="OptMedian9" moduleName="MedianFilter" rtlName="select_ln15_fu_423_p3" latency="0" BRAM="-1" DSP="-1" FF="0" LUT="8" fileDirectory="/proj/dsv_xhd/viswanad/Sysgen_tutorial/Lab2/C_code/solution"><\/item>
<item  id="76" filename="MedianFilter.cpp" linenumber="15" name="select_ln15_1" contextFuncName="OptMedian9" moduleName="MedianFilter" rtlName="select_ln15_1_fu_431_p3" latency="0" BRAM="-1" DSP="-1" FF="0" LUT="8" fileDirectory="/proj/dsv_xhd/viswanad/Sysgen_tutorial/Lab2/C_code/solution"><\/item>
<item  id="77" filename="MedianFilter.cpp" linenumber="15" name="icmp_ln15_2" contextFuncName="OptMedian9" moduleName="MedianFilter" rtlName="icmp_ln15_2_fu_439_p2" latency="0" BRAM="-1" DSP="-1" FF="0" LUT="11" fileDirectory="/proj/dsv_xhd/viswanad/Sysgen_tutorial/Lab2/C_code/solution"><\/item>
<item  id="78" filename="MedianFilter.cpp" linenumber="15" name="temp_13" contextFuncName="OptMedian9" moduleName="MedianFilter" rtlName="temp_13_fu_444_p3" latency="0" BRAM="-1" DSP="-1" FF="0" LUT="8" fileDirectory="/proj/dsv_xhd/viswanad/Sysgen_tutorial/Lab2/C_code/solution"><\/item>
<item  id="79" filename="MedianFilter.cpp" linenumber="16" name="icmp_ln16" contextFuncName="OptMedian9" moduleName="MedianFilter" rtlName="icmp_ln16_fu_451_p2" latency="0" BRAM="-1" DSP="-1" FF="0" LUT="11" fileDirectory="/proj/dsv_xhd/viswanad/Sysgen_tutorial/Lab2/C_code/solution"><\/item>
<item  id="80" filename="MedianFilter.cpp" linenumber="16" name="select_ln16" contextFuncName="OptMedian9" moduleName="MedianFilter" rtlName="V" latency="0" BRAM="-1" DSP="-1" FF="0" LUT="8" fileDirectory="/proj/dsv_xhd/viswanad/Sysgen_tutorial/Lab2/C_code/solution"><\/item>
</annotationInfo>
