<profile>

<section name = "Vivado HLS Report for 'MedianFilter'" level="0">
<item name = "Date">Wed Apr 24 11:52:05 2019
</item>
<item name = "Version">2019.1 (Build 2522811 on Mon Apr 22 14:32:23 MDT 2019)</item>
<item name = "Project">hls_project</item>
<item name = "Solution">solution1</item>
<item name = "Product family">kintex7</item>
<item name = "Target device">xc7k160t-fbg484-1</item>
</section>

<section name = "Performance Estimates" level="0">
<item name = "Timing (ns)">
<section name = "" level="1">
<item name = "Summary"><table name="" hasTotal="0">
<keys size="4">Clock, Target, Estimated, Uncertainty</keys>
<column name="ap_clk">10.00, 7.856, 1.25</column>
</table>
</item>
</section>
</item>
<item name = "Latency (clock cycles)">
<section name = "" level="1">
<item name = "Summary"><table name="" hasTotal="0">
<keys size="6">, min, max, min, max, Type</keys>
<column name="">2, 2, 1, 1, function</column>
</table>
</item>
<item name = "Detail">
<section name = "" level="1">
<item name = "Instance"><table name="" hasTotal="0">
<keys size="7">Instance, Module, min, max, min, max, Type</keys>
</table>
</item>
<item name = "Loop"><table name="" hasTotal="0">
<keys size="8">Loop Name, min, max, Latency, achieved, target, Count, Pipelined</keys>
</table>
</item>
</section>
</item>
</section>
</item>
</section>

<section name = "Utilization Estimates" level="0">
<item name = "Summary"><table name="" hasTotal="1">
<keys size="6">Name, BRAM_18K, DSP48E, FF, LUT, URAM</keys>
<column name="DSP">-, -, -, -, -</column>
<column name="Expression">-, -, 0, 467, -</column>
<column name="FIFO">-, -, -, -, -</column>
<column name="Instance">-, -, -, -, -</column>
<column name="Memory">-, -, -, -, -</column>
<column name="Multiplexer">-, -, -, -, -</column>
<column name="Register">-, -, 115, -, -</column>
<specialColumn name="Available">650, 600, 202800, 101400, 0</specialColumn>
<specialColumn name="Utilization (%)">0, 0, ~0, ~0, 0</specialColumn>
</table>
</item>
<item name = "Detail">
<section name = "" level="1">
<item name = "Instance"><table name="" hasTotal="1">
<keys size="7">Instance, Module, BRAM_18K, DSP48E, FF, LUT, URAM</keys>
</table>
</item>
<item name = "DSP48E"><table name="" hasTotal="0">
<keys size="3">Instance, Module, Expression</keys>
</table>
</item>
<item name = "Memory"><table name="" hasTotal="1">
<keys size="10">Memory, Module, BRAM_18K, FF, LUT, URAM, Words, Bits, Banks, W*Bits*Banks</keys>
</table>
</item>
<item name = "FIFO"><table name="" hasTotal="1">
<keys size="8">Name, BRAM_18K, FF, LUT, URAM, Depth, Bits, Size:D*B</keys>
</table>
</item>
<item name = "Expression"><table name="" hasTotal="1">
<keys size="7">Variable Name, Operation, DSP48E, FF, LUT, Bitwidth P0, Bitwidth P1</keys>
<column name="ap_block_pp0_stage0_01001">and, 0, 0, 6, 1, 1</column>
<column name="icmp_ln10_1_fu_145_p2">icmp, 0, 0, 11, 8, 8</column>
<column name="icmp_ln10_2_fu_167_p2">icmp, 0, 0, 11, 8, 8</column>
<column name="icmp_ln10_fu_123_p2">icmp, 0, 0, 11, 8, 8</column>
<column name="icmp_ln11_1_fu_211_p2">icmp, 0, 0, 11, 8, 8</column>
<column name="icmp_ln11_2_fu_233_p2">icmp, 0, 0, 11, 8, 8</column>
<column name="icmp_ln11_fu_189_p2">icmp, 0, 0, 11, 8, 8</column>
<column name="icmp_ln12_1_fu_277_p2">icmp, 0, 0, 11, 8, 8</column>
<column name="icmp_ln12_2_fu_299_p2">icmp, 0, 0, 11, 8, 8</column>
<column name="icmp_ln12_fu_255_p2">icmp, 0, 0, 11, 8, 8</column>
<column name="icmp_ln13_1_fu_335_p2">icmp, 0, 0, 11, 8, 8</column>
<column name="icmp_ln13_2_fu_349_p2">icmp, 0, 0, 11, 8, 8</column>
<column name="icmp_ln13_fu_321_p2">icmp, 0, 0, 11, 8, 8</column>
<column name="icmp_ln14_1_fu_385_p2">icmp, 0, 0, 11, 8, 8</column>
<column name="icmp_ln14_2_fu_395_p2">icmp, 0, 0, 11, 8, 8</column>
<column name="icmp_ln14_fu_371_p2">icmp, 0, 0, 11, 8, 8</column>
<column name="icmp_ln15_1_fu_417_p2">icmp, 0, 0, 11, 8, 8</column>
<column name="icmp_ln15_2_fu_439_p2">icmp, 0, 0, 11, 8, 8</column>
<column name="icmp_ln15_fu_405_p2">icmp, 0, 0, 11, 8, 8</column>
<column name="icmp_ln16_fu_451_p2">icmp, 0, 0, 11, 8, 8</column>
<column name="ap_block_pp0_stage0_subdone">or, 0, 0, 6, 1, 1</column>
<column name="V">select, 0, 0, 8, 1, 8</column>
<column name="select_ln10_1_fu_137_p3">select, 0, 0, 8, 1, 8</column>
<column name="select_ln10_2_fu_151_p3">select, 0, 0, 8, 1, 8</column>
<column name="select_ln10_3_fu_159_p3">select, 0, 0, 8, 1, 8</column>
<column name="select_ln10_4_fu_173_p3">select, 0, 0, 8, 1, 8</column>
<column name="select_ln10_5_fu_181_p3">select, 0, 0, 8, 1, 8</column>
<column name="select_ln10_fu_129_p3">select, 0, 0, 8, 1, 8</column>
<column name="select_ln11_3_fu_239_p3">select, 0, 0, 8, 1, 8</column>
<column name="select_ln11_fu_217_p3">select, 0, 0, 8, 1, 8</column>
<column name="select_ln12_2_fu_313_p3">select, 0, 0, 8, 1, 8</column>
<column name="select_ln12_fu_305_p3">select, 0, 0, 8, 1, 8</column>
<column name="select_ln13_1_fu_355_p3">select, 0, 0, 8, 1, 8</column>
<column name="select_ln13_2_fu_363_p3">select, 0, 0, 8, 1, 8</column>
<column name="select_ln13_fu_341_p3">select, 0, 0, 8, 1, 8</column>
<column name="select_ln14_fu_399_p3">select, 0, 0, 8, 1, 8</column>
<column name="select_ln15_1_fu_431_p3">select, 0, 0, 8, 1, 8</column>
<column name="select_ln15_fu_423_p3">select, 0, 0, 8, 1, 8</column>
<column name="temp_10_fu_377_p3">select, 0, 0, 8, 1, 8</column>
<column name="temp_11_fu_389_p3">select, 0, 0, 8, 1, 8</column>
<column name="temp_12_fu_410_p3">select, 0, 0, 8, 1, 8</column>
<column name="temp_13_fu_444_p3">select, 0, 0, 8, 1, 8</column>
<column name="temp_1_fu_195_p3">select, 0, 0, 8, 1, 8</column>
<column name="temp_2_fu_203_p3">select, 0, 0, 8, 1, 8</column>
<column name="temp_3_fu_225_p3">select, 0, 0, 8, 1, 8</column>
<column name="temp_4_fu_247_p3">select, 0, 0, 8, 1, 8</column>
<column name="temp_5_fu_261_p3">select, 0, 0, 8, 1, 8</column>
<column name="temp_6_fu_269_p3">select, 0, 0, 8, 1, 8</column>
<column name="temp_7_fu_283_p3">select, 0, 0, 8, 1, 8</column>
<column name="temp_8_fu_291_p3">select, 0, 0, 8, 1, 8</column>
<column name="temp_9_fu_327_p3">select, 0, 0, 8, 1, 8</column>
<column name="ap_enable_pp0">xor, 0, 0, 6, 1, 2</column>
</table>
</item>
<item name = "Multiplexer"><table name="" hasTotal="1">
<keys size="5">Name, LUT, Input Size, Bits, Total Bits</keys>
</table>
</item>
<item name = "Register"><table name="" hasTotal="1">
<keys size="5">Name, FF, LUT, Bits, Const Bits</keys>
<column name="ap_CS_fsm">1, 0, 1, 0</column>
<column name="ap_enable_reg_pp0_iter1">1, 0, 1, 0</column>
<column name="ap_enable_reg_pp0_iter2">1, 0, 1, 0</column>
<column name="pixelWindowBuffer_0">8, 0, 8, 0</column>
<column name="pixelWindowBuffer_1">8, 0, 8, 0</column>
<column name="pixelWindowBuffer_3">8, 0, 8, 0</column>
<column name="pixelWindowBuffer_4">8, 0, 8, 0</column>
<column name="pixelWindowBuffer_6">8, 0, 8, 0</column>
<column name="pixelWindowBuffer_7">8, 0, 8, 0</column>
<column name="select_ln13_1_reg_480">8, 0, 8, 0</column>
<column name="select_ln13_2_reg_486">8, 0, 8, 0</column>
<column name="select_ln13_reg_474">8, 0, 8, 0</column>
<column name="select_ln15_reg_498">8, 0, 8, 0</column>
<column name="temp_10_reg_492">8, 0, 8, 0</column>
<column name="temp_13_reg_504">8, 0, 8, 0</column>
<column name="temp_5_reg_462">8, 0, 8, 0</column>
<column name="temp_6_reg_468">8, 0, 8, 0</column>
</table>
</item>
</section>
</item>
</section>

<section name = "Interface" level="0">
<item name = "Summary"><table name="" hasTotal="0">
<keys size="6">RTL Ports, Dir, Bits, Protocol, Source Object, C Type</keys>
<column name="ap_clk">in, 1, ap_ctrl_hs, MedianFilter, return value</column>
<column name="ap_rst">in, 1, ap_ctrl_hs, MedianFilter, return value</column>
<column name="ap_start">in, 1, ap_ctrl_hs, MedianFilter, return value</column>
<column name="ap_done">out, 1, ap_ctrl_hs, MedianFilter, return value</column>
<column name="ap_idle">out, 1, ap_ctrl_hs, MedianFilter, return value</column>
<column name="ap_ready">out, 1, ap_ctrl_hs, MedianFilter, return value</column>
<column name="ap_ce">in, 1, ap_ctrl_hs, MedianFilter, return value</column>
<column name="row1">in, 8, ap_none, row1, scalar</column>
<column name="row2">in, 8, ap_none, row2, scalar</column>
<column name="row3">in, 8, ap_none, row3, scalar</column>
<column name="V">out, 8, ap_vld, V, pointer</column>
<column name="V_ap_vld">out, 1, ap_vld, V, pointer</column>
</table>
</item>
</section>
</profile>
