<stg><name>MedianFilter</name>


<trans_list>

<trans id="79" from="1" to="2">
<condition id="-1">
<or_exp><and_exp></and_exp></or_exp>
</condition>
</trans>

<trans id="80" from="2" to="3">
<condition id="-1">
<or_exp><and_exp></and_exp></or_exp>
</condition>
</trans>
</trans_list>



<state_list>

<state id="1" st_id="1">

<operation id="4" st_id="1" stage="1" lat="1">
<core>NULL</core>
<MemPortIdVec></MemPortIdVec>
<condition id="-1">
<or_exp><and_exp></and_exp></or_exp>
</condition>

<Node id="16" bw="8" op_0_bw="8" op_1_bw="8">
<![CDATA[
.preheader.preheader.0:5  %row3_read = call i8 @_ssdm_op_Read.ap_auto.i8(i8 %row3) nounwind

]]></Node>
<StgValue><ssdm name="row3_read"/></StgValue>
</operation>

<operation id="5" st_id="1" stage="1" lat="1">
<core>NULL</core>
<MemPortIdVec></MemPortIdVec>
<condition id="-1">
<or_exp><and_exp></and_exp></or_exp>
</condition>

<Node id="17" bw="8" op_0_bw="8" op_1_bw="8">
<![CDATA[
.preheader.preheader.0:6  %row2_read = call i8 @_ssdm_op_Read.ap_auto.i8(i8 %row2) nounwind

]]></Node>
<StgValue><ssdm name="row2_read"/></StgValue>
</operation>

<operation id="6" st_id="1" stage="1" lat="1">
<core>NULL</core>
<MemPortIdVec></MemPortIdVec>
<condition id="-1">
<or_exp><and_exp></and_exp></or_exp>
</condition>

<Node id="18" bw="8" op_0_bw="8" op_1_bw="8">
<![CDATA[
.preheader.preheader.0:7  %row1_read = call i8 @_ssdm_op_Read.ap_auto.i8(i8 %row1) nounwind

]]></Node>
<StgValue><ssdm name="row1_read"/></StgValue>
</operation>

<operation id="7" st_id="1" stage="1" lat="1">
<core>NULL</core>
<MemPortIdVec></MemPortIdVec>
<condition id="-1">
<or_exp><and_exp></and_exp></or_exp>
</condition>

<Node id="20" bw="8" op_0_bw="8">
<![CDATA[
.preheader.preheader.0:9  %sortBuffer_2 = load i8* @pixelWindowBuffer_1, align 1

]]></Node>
<StgValue><ssdm name="sortBuffer_2"/></StgValue>
</operation>

<operation id="8" st_id="1" stage="1" lat="1">
<core>NULL</core>
<MemPortIdVec></MemPortIdVec>
<condition id="-1">
<or_exp><and_exp></and_exp></or_exp>
</condition>

<Node id="21" bw="8" op_0_bw="8">
<![CDATA[
.preheader.preheader.0:10  %sortBuffer_1 = load i8* @pixelWindowBuffer_0, align 1

]]></Node>
<StgValue><ssdm name="sortBuffer_1"/></StgValue>
</operation>

<operation id="9" st_id="1" stage="1" lat="1">
<core>NULL</core>
<MemPortIdVec></MemPortIdVec>
<condition id="-1">
<or_exp><and_exp></and_exp></or_exp>
</condition>

<Node id="22" bw="0" op_0_bw="8" op_1_bw="8" op_2_bw="8">
<![CDATA[
.preheader.preheader.0:11  store i8 %sortBuffer_1, i8* @pixelWindowBuffer_1, align 1

]]></Node>
<StgValue><ssdm name="store_ln58"/></StgValue>
</operation>

<operation id="10" st_id="1" stage="1" lat="1">
<core>NULL</core>
<MemPortIdVec></MemPortIdVec>
<condition id="-1">
<or_exp><and_exp></and_exp></or_exp>
</condition>

<Node id="23" bw="8" op_0_bw="8">
<![CDATA[
.preheader.preheader.0:12  %sortBuffer_5 = load i8* @pixelWindowBuffer_4, align 1

]]></Node>
<StgValue><ssdm name="sortBuffer_5"/></StgValue>
</operation>

<operation id="11" st_id="1" stage="1" lat="1">
<core>NULL</core>
<MemPortIdVec></MemPortIdVec>
<condition id="-1">
<or_exp><and_exp></and_exp></or_exp>
</condition>

<Node id="24" bw="8" op_0_bw="8">
<![CDATA[
.preheader.preheader.0:13  %sortBuffer_4 = load i8* @pixelWindowBuffer_3, align 1

]]></Node>
<StgValue><ssdm name="sortBuffer_4"/></StgValue>
</operation>

<operation id="12" st_id="1" stage="1" lat="1">
<core>NULL</core>
<MemPortIdVec></MemPortIdVec>
<condition id="-1">
<or_exp><and_exp></and_exp></or_exp>
</condition>

<Node id="25" bw="0" op_0_bw="8" op_1_bw="8" op_2_bw="8">
<![CDATA[
.preheader.preheader.0:14  store i8 %sortBuffer_4, i8* @pixelWindowBuffer_4, align 1

]]></Node>
<StgValue><ssdm name="store_ln58"/></StgValue>
</operation>

<operation id="13" st_id="1" stage="1" lat="1">
<core>NULL</core>
<MemPortIdVec></MemPortIdVec>
<condition id="-1">
<or_exp><and_exp></and_exp></or_exp>
</condition>

<Node id="26" bw="8" op_0_bw="8">
<![CDATA[
.preheader.preheader.0:15  %sortBuffer_8 = load i8* @pixelWindowBuffer_7, align 1

]]></Node>
<StgValue><ssdm name="sortBuffer_8"/></StgValue>
</operation>

<operation id="14" st_id="1" stage="1" lat="1">
<core>NULL</core>
<MemPortIdVec></MemPortIdVec>
<condition id="-1">
<or_exp><and_exp></and_exp></or_exp>
</condition>

<Node id="27" bw="8" op_0_bw="8">
<![CDATA[
.preheader.preheader.0:16  %sortBuffer_7 = load i8* @pixelWindowBuffer_6, align 1

]]></Node>
<StgValue><ssdm name="sortBuffer_7"/></StgValue>
</operation>

<operation id="15" st_id="1" stage="1" lat="1">
<core>NULL</core>
<MemPortIdVec></MemPortIdVec>
<condition id="-1">
<or_exp><and_exp></and_exp></or_exp>
</condition>

<Node id="28" bw="0" op_0_bw="8" op_1_bw="8" op_2_bw="8">
<![CDATA[
.preheader.preheader.0:17  store i8 %sortBuffer_7, i8* @pixelWindowBuffer_7, align 1

]]></Node>
<StgValue><ssdm name="store_ln58"/></StgValue>
</operation>

<operation id="16" st_id="1" stage="1" lat="1">
<core>NULL</core>
<MemPortIdVec></MemPortIdVec>
<condition id="-1">
<or_exp><and_exp></and_exp></or_exp>
</condition>

<Node id="29" bw="0" op_0_bw="8" op_1_bw="8" op_2_bw="8">
<![CDATA[
.preheader.preheader.0:18  store i8 %row1_read, i8* @pixelWindowBuffer_0, align 1

]]></Node>
<StgValue><ssdm name="store_ln65"/></StgValue>
</operation>

<operation id="17" st_id="1" stage="1" lat="1">
<core>NULL</core>
<MemPortIdVec></MemPortIdVec>
<condition id="-1">
<or_exp><and_exp></and_exp></or_exp>
</condition>

<Node id="30" bw="0" op_0_bw="8" op_1_bw="8" op_2_bw="8">
<![CDATA[
.preheader.preheader.0:19  store i8 %row2_read, i8* @pixelWindowBuffer_3, align 1

]]></Node>
<StgValue><ssdm name="store_ln66"/></StgValue>
</operation>

<operation id="18" st_id="1" stage="1" lat="1">
<core>NULL</core>
<MemPortIdVec></MemPortIdVec>
<condition id="-1">
<or_exp><and_exp></and_exp></or_exp>
</condition>

<Node id="31" bw="0" op_0_bw="8" op_1_bw="8" op_2_bw="8">
<![CDATA[
.preheader.preheader.0:20  store i8 %row3_read, i8* @pixelWindowBuffer_6, align 1

]]></Node>
<StgValue><ssdm name="store_ln67"/></StgValue>
</operation>

<operation id="19" st_id="1" stage="1" lat="1">
<core>Cmp</core>
<MemPortIdVec></MemPortIdVec>
<condition id="-1">
<or_exp><and_exp></and_exp></or_exp>
</condition>

<Node id="32" bw="1" op_0_bw="8" op_1_bw="8">
<![CDATA[
.preheader.preheader.0:21  %icmp_ln10 = icmp ugt i8 %sortBuffer_1, %sortBuffer_2

]]></Node>
<StgValue><ssdm name="icmp_ln10"/></StgValue>
</operation>

<operation id="20" st_id="1" stage="1" lat="1">
<core>Sel</core>
<MemPortIdVec></MemPortIdVec>
<condition id="-1">
<or_exp><and_exp></and_exp></or_exp>
</condition>

<Node id="33" bw="8" op_0_bw="1" op_1_bw="8" op_2_bw="8">
<![CDATA[
.preheader.preheader.0:22  %select_ln10 = select i1 %icmp_ln10, i8 %sortBuffer_1, i8 %sortBuffer_2

]]></Node>
<StgValue><ssdm name="select_ln10"/></StgValue>
</operation>

<operation id="21" st_id="1" stage="1" lat="1">
<core>Sel</core>
<MemPortIdVec></MemPortIdVec>
<condition id="-1">
<or_exp><and_exp></and_exp></or_exp>
</condition>

<Node id="34" bw="8" op_0_bw="1" op_1_bw="8" op_2_bw="8">
<![CDATA[
.preheader.preheader.0:23  %select_ln10_1 = select i1 %icmp_ln10, i8 %sortBuffer_2, i8 %sortBuffer_1

]]></Node>
<StgValue><ssdm name="select_ln10_1"/></StgValue>
</operation>

<operation id="22" st_id="1" stage="1" lat="1">
<core>Cmp</core>
<MemPortIdVec></MemPortIdVec>
<condition id="-1">
<or_exp><and_exp></and_exp></or_exp>
</condition>

<Node id="35" bw="1" op_0_bw="8" op_1_bw="8">
<![CDATA[
.preheader.preheader.0:24  %icmp_ln10_1 = icmp ugt i8 %sortBuffer_4, %sortBuffer_5

]]></Node>
<StgValue><ssdm name="icmp_ln10_1"/></StgValue>
</operation>

<operation id="23" st_id="1" stage="1" lat="1">
<core>Sel</core>
<MemPortIdVec></MemPortIdVec>
<condition id="-1">
<or_exp><and_exp></and_exp></or_exp>
</condition>

<Node id="36" bw="8" op_0_bw="1" op_1_bw="8" op_2_bw="8">
<![CDATA[
.preheader.preheader.0:25  %select_ln10_2 = select i1 %icmp_ln10_1, i8 %sortBuffer_4, i8 %sortBuffer_5

]]></Node>
<StgValue><ssdm name="select_ln10_2"/></StgValue>
</operation>

<operation id="24" st_id="1" stage="1" lat="1">
<core>Sel</core>
<MemPortIdVec></MemPortIdVec>
<condition id="-1">
<or_exp><and_exp></and_exp></or_exp>
</condition>

<Node id="37" bw="8" op_0_bw="1" op_1_bw="8" op_2_bw="8">
<![CDATA[
.preheader.preheader.0:26  %select_ln10_3 = select i1 %icmp_ln10_1, i8 %sortBuffer_5, i8 %sortBuffer_4

]]></Node>
<StgValue><ssdm name="select_ln10_3"/></StgValue>
</operation>

<operation id="25" st_id="1" stage="1" lat="1">
<core>Cmp</core>
<MemPortIdVec></MemPortIdVec>
<condition id="-1">
<or_exp><and_exp></and_exp></or_exp>
</condition>

<Node id="38" bw="1" op_0_bw="8" op_1_bw="8">
<![CDATA[
.preheader.preheader.0:27  %icmp_ln10_2 = icmp ugt i8 %sortBuffer_7, %sortBuffer_8

]]></Node>
<StgValue><ssdm name="icmp_ln10_2"/></StgValue>
</operation>

<operation id="26" st_id="1" stage="1" lat="1">
<core>Sel</core>
<MemPortIdVec></MemPortIdVec>
<condition id="-1">
<or_exp><and_exp></and_exp></or_exp>
</condition>

<Node id="39" bw="8" op_0_bw="1" op_1_bw="8" op_2_bw="8">
<![CDATA[
.preheader.preheader.0:28  %select_ln10_4 = select i1 %icmp_ln10_2, i8 %sortBuffer_7, i8 %sortBuffer_8

]]></Node>
<StgValue><ssdm name="select_ln10_4"/></StgValue>
</operation>

<operation id="27" st_id="1" stage="1" lat="1">
<core>Sel</core>
<MemPortIdVec></MemPortIdVec>
<condition id="-1">
<or_exp><and_exp></and_exp></or_exp>
</condition>

<Node id="40" bw="8" op_0_bw="1" op_1_bw="8" op_2_bw="8">
<![CDATA[
.preheader.preheader.0:29  %select_ln10_5 = select i1 %icmp_ln10_2, i8 %sortBuffer_8, i8 %sortBuffer_7

]]></Node>
<StgValue><ssdm name="select_ln10_5"/></StgValue>
</operation>

<operation id="28" st_id="1" stage="1" lat="1">
<core>Cmp</core>
<MemPortIdVec></MemPortIdVec>
<condition id="-1">
<or_exp><and_exp></and_exp></or_exp>
</condition>

<Node id="41" bw="1" op_0_bw="8" op_1_bw="8">
<![CDATA[
.preheader.preheader.0:30  %icmp_ln11 = icmp ult i8 %select_ln10_1, %row1_read

]]></Node>
<StgValue><ssdm name="icmp_ln11"/></StgValue>
</operation>

<operation id="29" st_id="1" stage="1" lat="1">
<core>Sel</core>
<MemPortIdVec></MemPortIdVec>
<condition id="-1">
<or_exp><and_exp></and_exp></or_exp>
</condition>

<Node id="42" bw="8" op_0_bw="1" op_1_bw="8" op_2_bw="8">
<![CDATA[
.preheader.preheader.0:31  %temp_1 = select i1 %icmp_ln11, i8 %select_ln10_1, i8 %row1_read

]]></Node>
<StgValue><ssdm name="temp_1"/></StgValue>
</operation>

<operation id="30" st_id="1" stage="1" lat="1">
<core>Sel</core>
<MemPortIdVec></MemPortIdVec>
<condition id="-1">
<or_exp><and_exp></and_exp></or_exp>
</condition>

<Node id="43" bw="8" op_0_bw="1" op_1_bw="8" op_2_bw="8">
<![CDATA[
.preheader.preheader.0:32  %temp_2 = select i1 %icmp_ln11, i8 %row1_read, i8 %select_ln10_1

]]></Node>
<StgValue><ssdm name="temp_2"/></StgValue>
</operation>

<operation id="31" st_id="1" stage="1" lat="1">
<core>Cmp</core>
<MemPortIdVec></MemPortIdVec>
<condition id="-1">
<or_exp><and_exp></and_exp></or_exp>
</condition>

<Node id="44" bw="1" op_0_bw="8" op_1_bw="8">
<![CDATA[
.preheader.preheader.0:33  %icmp_ln11_1 = icmp ult i8 %select_ln10_3, %row2_read

]]></Node>
<StgValue><ssdm name="icmp_ln11_1"/></StgValue>
</operation>

<operation id="32" st_id="1" stage="1" lat="1">
<core>Sel</core>
<MemPortIdVec></MemPortIdVec>
<condition id="-1">
<or_exp><and_exp></and_exp></or_exp>
</condition>

<Node id="45" bw="8" op_0_bw="1" op_1_bw="8" op_2_bw="8">
<![CDATA[
.preheader.preheader.0:34  %select_ln11 = select i1 %icmp_ln11_1, i8 %select_ln10_3, i8 %row2_read

]]></Node>
<StgValue><ssdm name="select_ln11"/></StgValue>
</operation>

<operation id="33" st_id="1" stage="1" lat="1">
<core>Sel</core>
<MemPortIdVec></MemPortIdVec>
<condition id="-1">
<or_exp><and_exp></and_exp></or_exp>
</condition>

<Node id="46" bw="8" op_0_bw="1" op_1_bw="8" op_2_bw="8">
<![CDATA[
.preheader.preheader.0:35  %temp_3 = select i1 %icmp_ln11_1, i8 %row2_read, i8 %select_ln10_3

]]></Node>
<StgValue><ssdm name="temp_3"/></StgValue>
</operation>

<operation id="34" st_id="1" stage="1" lat="1">
<core>Cmp</core>
<MemPortIdVec></MemPortIdVec>
<condition id="-1">
<or_exp><and_exp></and_exp></or_exp>
</condition>

<Node id="47" bw="1" op_0_bw="8" op_1_bw="8">
<![CDATA[
.preheader.preheader.0:36  %icmp_ln11_2 = icmp ult i8 %select_ln10_5, %row3_read

]]></Node>
<StgValue><ssdm name="icmp_ln11_2"/></StgValue>
</operation>

<operation id="35" st_id="1" stage="1" lat="1">
<core>Sel</core>
<MemPortIdVec></MemPortIdVec>
<condition id="-1">
<or_exp><and_exp></and_exp></or_exp>
</condition>

<Node id="48" bw="8" op_0_bw="1" op_1_bw="8" op_2_bw="8">
<![CDATA[
.preheader.preheader.0:37  %select_ln11_3 = select i1 %icmp_ln11_2, i8 %select_ln10_5, i8 %row3_read

]]></Node>
<StgValue><ssdm name="select_ln11_3"/></StgValue>
</operation>

<operation id="36" st_id="1" stage="1" lat="1">
<core>Sel</core>
<MemPortIdVec></MemPortIdVec>
<condition id="-1">
<or_exp><and_exp></and_exp></or_exp>
</condition>

<Node id="49" bw="8" op_0_bw="1" op_1_bw="8" op_2_bw="8">
<![CDATA[
.preheader.preheader.0:38  %temp_4 = select i1 %icmp_ln11_2, i8 %row3_read, i8 %select_ln10_5

]]></Node>
<StgValue><ssdm name="temp_4"/></StgValue>
</operation>

<operation id="37" st_id="1" stage="1" lat="1">
<core>Cmp</core>
<MemPortIdVec></MemPortIdVec>
<condition id="-1">
<or_exp><and_exp></and_exp></or_exp>
</condition>

<Node id="50" bw="1" op_0_bw="8" op_1_bw="8">
<![CDATA[
.preheader.preheader.0:39  %icmp_ln12 = icmp ugt i8 %temp_2, %select_ln10

]]></Node>
<StgValue><ssdm name="icmp_ln12"/></StgValue>
</operation>

<operation id="38" st_id="1" stage="1" lat="1">
<core>Sel</core>
<MemPortIdVec></MemPortIdVec>
<condition id="-1">
<or_exp><and_exp></and_exp></or_exp>
</condition>

<Node id="51" bw="8" op_0_bw="1" op_1_bw="8" op_2_bw="8">
<![CDATA[
.preheader.preheader.0:40  %temp_5 = select i1 %icmp_ln12, i8 %temp_2, i8 %select_ln10

]]></Node>
<StgValue><ssdm name="temp_5"/></StgValue>
</operation>

<operation id="39" st_id="1" stage="1" lat="1">
<core>Sel</core>
<MemPortIdVec></MemPortIdVec>
<condition id="-1">
<or_exp><and_exp></and_exp></or_exp>
</condition>

<Node id="52" bw="8" op_0_bw="1" op_1_bw="8" op_2_bw="8">
<![CDATA[
.preheader.preheader.0:41  %temp_6 = select i1 %icmp_ln12, i8 %select_ln10, i8 %temp_2

]]></Node>
<StgValue><ssdm name="temp_6"/></StgValue>
</operation>

<operation id="40" st_id="1" stage="1" lat="1">
<core>Cmp</core>
<MemPortIdVec></MemPortIdVec>
<condition id="-1">
<or_exp><and_exp></and_exp></or_exp>
</condition>

<Node id="53" bw="1" op_0_bw="8" op_1_bw="8">
<![CDATA[
.preheader.preheader.0:42  %icmp_ln12_1 = icmp ugt i8 %temp_3, %select_ln10_2

]]></Node>
<StgValue><ssdm name="icmp_ln12_1"/></StgValue>
</operation>

<operation id="41" st_id="1" stage="1" lat="1">
<core>Sel</core>
<MemPortIdVec></MemPortIdVec>
<condition id="-1">
<or_exp><and_exp></and_exp></or_exp>
</condition>

<Node id="54" bw="8" op_0_bw="1" op_1_bw="8" op_2_bw="8">
<![CDATA[
.preheader.preheader.0:43  %temp_7 = select i1 %icmp_ln12_1, i8 %select_ln10_2, i8 %temp_3

]]></Node>
<StgValue><ssdm name="temp_7"/></StgValue>
</operation>

<operation id="42" st_id="1" stage="1" lat="1">
<core>Sel</core>
<MemPortIdVec></MemPortIdVec>
<condition id="-1">
<or_exp><and_exp></and_exp></or_exp>
</condition>

<Node id="55" bw="8" op_0_bw="1" op_1_bw="8" op_2_bw="8">
<![CDATA[
.preheader.preheader.0:44  %temp_8 = select i1 %icmp_ln12_1, i8 %temp_3, i8 %select_ln10_2

]]></Node>
<StgValue><ssdm name="temp_8"/></StgValue>
</operation>

<operation id="43" st_id="1" stage="1" lat="1">
<core>Cmp</core>
<MemPortIdVec></MemPortIdVec>
<condition id="-1">
<or_exp><and_exp></and_exp></or_exp>
</condition>

<Node id="56" bw="1" op_0_bw="8" op_1_bw="8">
<![CDATA[
.preheader.preheader.0:45  %icmp_ln12_2 = icmp ugt i8 %temp_4, %select_ln10_4

]]></Node>
<StgValue><ssdm name="icmp_ln12_2"/></StgValue>
</operation>

<operation id="44" st_id="1" stage="1" lat="1">
<core>Sel</core>
<MemPortIdVec></MemPortIdVec>
<condition id="-1">
<or_exp><and_exp></and_exp></or_exp>
</condition>

<Node id="57" bw="8" op_0_bw="1" op_1_bw="8" op_2_bw="8">
<![CDATA[
.preheader.preheader.0:46  %select_ln12 = select i1 %icmp_ln12_2, i8 %select_ln10_4, i8 %temp_4

]]></Node>
<StgValue><ssdm name="select_ln12"/></StgValue>
</operation>

<operation id="45" st_id="1" stage="1" lat="1">
<core>Sel</core>
<MemPortIdVec></MemPortIdVec>
<condition id="-1">
<or_exp><and_exp></and_exp></or_exp>
</condition>

<Node id="58" bw="8" op_0_bw="1" op_1_bw="8" op_2_bw="8">
<![CDATA[
.preheader.preheader.0:47  %select_ln12_2 = select i1 %icmp_ln12_2, i8 %temp_4, i8 %select_ln10_4

]]></Node>
<StgValue><ssdm name="select_ln12_2"/></StgValue>
</operation>

<operation id="46" st_id="1" stage="1" lat="1">
<core>Cmp</core>
<MemPortIdVec></MemPortIdVec>
<condition id="-1">
<or_exp><and_exp></and_exp></or_exp>
</condition>

<Node id="59" bw="1" op_0_bw="8" op_1_bw="8">
<![CDATA[
.preheader.preheader.0:48  %icmp_ln13 = icmp ugt i8 %temp_1, %select_ln11

]]></Node>
<StgValue><ssdm name="icmp_ln13"/></StgValue>
</operation>

<operation id="47" st_id="1" stage="1" lat="1">
<core>Sel</core>
<MemPortIdVec></MemPortIdVec>
<condition id="-1">
<or_exp><and_exp></and_exp></or_exp>
</condition>

<Node id="60" bw="8" op_0_bw="1" op_1_bw="8" op_2_bw="8">
<![CDATA[
.preheader.preheader.0:49  %temp_9 = select i1 %icmp_ln13, i8 %temp_1, i8 %select_ln11

]]></Node>
<StgValue><ssdm name="temp_9"/></StgValue>
</operation>

<operation id="48" st_id="1" stage="1" lat="1">
<core>Cmp</core>
<MemPortIdVec></MemPortIdVec>
<condition id="-1">
<or_exp><and_exp></and_exp></or_exp>
</condition>

<Node id="61" bw="1" op_0_bw="8" op_1_bw="8">
<![CDATA[
.preheader.preheader.0:50  %icmp_ln13_1 = icmp ugt i8 %temp_8, %select_ln12_2

]]></Node>
<StgValue><ssdm name="icmp_ln13_1"/></StgValue>
</operation>

<operation id="49" st_id="1" stage="1" lat="1">
<core>Sel</core>
<MemPortIdVec></MemPortIdVec>
<condition id="-1">
<or_exp><and_exp></and_exp></or_exp>
</condition>

<Node id="62" bw="8" op_0_bw="1" op_1_bw="8" op_2_bw="8">
<![CDATA[
.preheader.preheader.0:51  %select_ln13 = select i1 %icmp_ln13_1, i8 %select_ln12_2, i8 %temp_8

]]></Node>
<StgValue><ssdm name="select_ln13"/></StgValue>
</operation>

<operation id="50" st_id="1" stage="1" lat="1">
<core>Cmp</core>
<MemPortIdVec></MemPortIdVec>
<condition id="-1">
<or_exp><and_exp></and_exp></or_exp>
</condition>

<Node id="63" bw="1" op_0_bw="8" op_1_bw="8">
<![CDATA[
.preheader.preheader.0:52  %icmp_ln13_2 = icmp ugt i8 %temp_7, %select_ln12

]]></Node>
<StgValue><ssdm name="icmp_ln13_2"/></StgValue>
</operation>

<operation id="51" st_id="1" stage="1" lat="1">
<core>Sel</core>
<MemPortIdVec></MemPortIdVec>
<condition id="-1">
<or_exp><and_exp></and_exp></or_exp>
</condition>

<Node id="64" bw="8" op_0_bw="1" op_1_bw="8" op_2_bw="8">
<![CDATA[
.preheader.preheader.0:53  %select_ln13_1 = select i1 %icmp_ln13_2, i8 %temp_7, i8 %select_ln12

]]></Node>
<StgValue><ssdm name="select_ln13_1"/></StgValue>
</operation>

<operation id="52" st_id="1" stage="1" lat="1">
<core>Sel</core>
<MemPortIdVec></MemPortIdVec>
<condition id="-1">
<or_exp><and_exp></and_exp></or_exp>
</condition>

<Node id="65" bw="8" op_0_bw="1" op_1_bw="8" op_2_bw="8">
<![CDATA[
.preheader.preheader.0:54  %select_ln13_2 = select i1 %icmp_ln13_2, i8 %select_ln12, i8 %temp_7

]]></Node>
<StgValue><ssdm name="select_ln13_2"/></StgValue>
</operation>

<operation id="53" st_id="1" stage="1" lat="1">
<core>Cmp</core>
<MemPortIdVec></MemPortIdVec>
<condition id="-1">
<or_exp><and_exp></and_exp></or_exp>
</condition>

<Node id="66" bw="1" op_0_bw="8" op_1_bw="8">
<![CDATA[
.preheader.preheader.0:55  %icmp_ln14 = icmp ugt i8 %temp_9, %select_ln11_3

]]></Node>
<StgValue><ssdm name="icmp_ln14"/></StgValue>
</operation>

<operation id="54" st_id="1" stage="1" lat="1">
<core>Sel</core>
<MemPortIdVec></MemPortIdVec>
<condition id="-1">
<or_exp><and_exp></and_exp></or_exp>
</condition>

<Node id="67" bw="8" op_0_bw="1" op_1_bw="8" op_2_bw="8">
<![CDATA[
.preheader.preheader.0:56  %temp_10 = select i1 %icmp_ln14, i8 %temp_9, i8 %select_ln11_3

]]></Node>
<StgValue><ssdm name="temp_10"/></StgValue>
</operation>
</state>

<state id="2" st_id="2">

<operation id="55" st_id="2" stage="1" lat="1">
<core>Cmp</core>
<MemPortIdVec></MemPortIdVec>
<condition id="-1">
<or_exp><and_exp></and_exp></or_exp>
</condition>

<Node id="68" bw="1" op_0_bw="8" op_1_bw="8">
<![CDATA[
.preheader.preheader.0:57  %icmp_ln14_1 = icmp ugt i8 %temp_6, %select_ln13_2

]]></Node>
<StgValue><ssdm name="icmp_ln14_1"/></StgValue>
</operation>

<operation id="56" st_id="2" stage="1" lat="1">
<core>Sel</core>
<MemPortIdVec></MemPortIdVec>
<condition id="-1">
<or_exp><and_exp></and_exp></or_exp>
</condition>

<Node id="69" bw="8" op_0_bw="1" op_1_bw="8" op_2_bw="8">
<![CDATA[
.preheader.preheader.0:58  %temp_11 = select i1 %icmp_ln14_1, i8 %temp_6, i8 %select_ln13_2

]]></Node>
<StgValue><ssdm name="temp_11"/></StgValue>
</operation>

<operation id="57" st_id="2" stage="1" lat="1">
<core>Cmp</core>
<MemPortIdVec></MemPortIdVec>
<condition id="-1">
<or_exp><and_exp></and_exp></or_exp>
</condition>

<Node id="70" bw="1" op_0_bw="8" op_1_bw="8">
<![CDATA[
.preheader.preheader.0:59  %icmp_ln14_2 = icmp ugt i8 %temp_5, %select_ln13

]]></Node>
<StgValue><ssdm name="icmp_ln14_2"/></StgValue>
</operation>

<operation id="58" st_id="2" stage="1" lat="1">
<core>Sel</core>
<MemPortIdVec></MemPortIdVec>
<condition id="-1">
<or_exp><and_exp></and_exp></or_exp>
</condition>

<Node id="71" bw="8" op_0_bw="1" op_1_bw="8" op_2_bw="8">
<![CDATA[
.preheader.preheader.0:60  %select_ln14 = select i1 %icmp_ln14_2, i8 %select_ln13, i8 %temp_5

]]></Node>
<StgValue><ssdm name="select_ln14"/></StgValue>
</operation>

<operation id="59" st_id="2" stage="1" lat="1">
<core>Cmp</core>
<MemPortIdVec></MemPortIdVec>
<condition id="-1">
<or_exp><and_exp></and_exp></or_exp>
</condition>

<Node id="72" bw="1" op_0_bw="8" op_1_bw="8">
<![CDATA[
.preheader.preheader.0:61  %icmp_ln15 = icmp ugt i8 %temp_11, %select_ln13_1

]]></Node>
<StgValue><ssdm name="icmp_ln15"/></StgValue>
</operation>

<operation id="60" st_id="2" stage="1" lat="1">
<core>Sel</core>
<MemPortIdVec></MemPortIdVec>
<condition id="-1">
<or_exp><and_exp></and_exp></or_exp>
</condition>

<Node id="73" bw="8" op_0_bw="1" op_1_bw="8" op_2_bw="8">
<![CDATA[
.preheader.preheader.0:62  %temp_12 = select i1 %icmp_ln15, i8 %select_ln13_1, i8 %temp_11

]]></Node>
<StgValue><ssdm name="temp_12"/></StgValue>
</operation>

<operation id="61" st_id="2" stage="1" lat="1">
<core>Cmp</core>
<MemPortIdVec></MemPortIdVec>
<condition id="-1">
<or_exp><and_exp></and_exp></or_exp>
</condition>

<Node id="74" bw="1" op_0_bw="8" op_1_bw="8">
<![CDATA[
.preheader.preheader.0:63  %icmp_ln15_1 = icmp ugt i8 %temp_12, %select_ln14

]]></Node>
<StgValue><ssdm name="icmp_ln15_1"/></StgValue>
</operation>

<operation id="62" st_id="2" stage="1" lat="1">
<core>Sel</core>
<MemPortIdVec></MemPortIdVec>
<condition id="-1">
<or_exp><and_exp></and_exp></or_exp>
</condition>

<Node id="75" bw="8" op_0_bw="1" op_1_bw="8" op_2_bw="8">
<![CDATA[
.preheader.preheader.0:64  %select_ln15 = select i1 %icmp_ln15_1, i8 %temp_12, i8 %select_ln14

]]></Node>
<StgValue><ssdm name="select_ln15"/></StgValue>
</operation>

<operation id="63" st_id="2" stage="1" lat="1">
<core>Sel</core>
<MemPortIdVec></MemPortIdVec>
<condition id="-1">
<or_exp><and_exp></and_exp></or_exp>
</condition>

<Node id="76" bw="8" op_0_bw="1" op_1_bw="8" op_2_bw="8">
<![CDATA[
.preheader.preheader.0:65  %select_ln15_1 = select i1 %icmp_ln15_1, i8 %select_ln14, i8 %temp_12

]]></Node>
<StgValue><ssdm name="select_ln15_1"/></StgValue>
</operation>

<operation id="64" st_id="2" stage="1" lat="1">
<core>Cmp</core>
<MemPortIdVec></MemPortIdVec>
<condition id="-1">
<or_exp><and_exp></and_exp></or_exp>
</condition>

<Node id="77" bw="1" op_0_bw="8" op_1_bw="8">
<![CDATA[
.preheader.preheader.0:66  %icmp_ln15_2 = icmp ugt i8 %temp_10, %select_ln15_1

]]></Node>
<StgValue><ssdm name="icmp_ln15_2"/></StgValue>
</operation>

<operation id="65" st_id="2" stage="1" lat="1">
<core>Sel</core>
<MemPortIdVec></MemPortIdVec>
<condition id="-1">
<or_exp><and_exp></and_exp></or_exp>
</condition>

<Node id="78" bw="8" op_0_bw="1" op_1_bw="8" op_2_bw="8">
<![CDATA[
.preheader.preheader.0:67  %temp_13 = select i1 %icmp_ln15_2, i8 %temp_10, i8 %select_ln15_1

]]></Node>
<StgValue><ssdm name="temp_13"/></StgValue>
</operation>
</state>

<state id="3" st_id="3">

<operation id="66" st_id="3" stage="1" lat="1">
<core>NULL</core>
<MemPortIdVec></MemPortIdVec>
<condition id="-1">
<or_exp><and_exp></and_exp></or_exp>
</condition>

<Node id="11" bw="0" op_0_bw="0" op_1_bw="8">
<![CDATA[
.preheader.preheader.0:0  call void (...)* @_ssdm_op_SpecBitsMap(i8 %row1) nounwind, !map !16

]]></Node>
<StgValue><ssdm name="specbitsmap_ln0"/></StgValue>
</operation>

<operation id="67" st_id="3" stage="1" lat="1">
<core>NULL</core>
<MemPortIdVec></MemPortIdVec>
<condition id="-1">
<or_exp><and_exp></and_exp></or_exp>
</condition>

<Node id="12" bw="0" op_0_bw="0" op_1_bw="8">
<![CDATA[
.preheader.preheader.0:1  call void (...)* @_ssdm_op_SpecBitsMap(i8 %row2) nounwind, !map !22

]]></Node>
<StgValue><ssdm name="specbitsmap_ln0"/></StgValue>
</operation>

<operation id="68" st_id="3" stage="1" lat="1">
<core>NULL</core>
<MemPortIdVec></MemPortIdVec>
<condition id="-1">
<or_exp><and_exp></and_exp></or_exp>
</condition>

<Node id="13" bw="0" op_0_bw="0" op_1_bw="8">
<![CDATA[
.preheader.preheader.0:2  call void (...)* @_ssdm_op_SpecBitsMap(i8 %row3) nounwind, !map !26

]]></Node>
<StgValue><ssdm name="specbitsmap_ln0"/></StgValue>
</operation>

<operation id="69" st_id="3" stage="1" lat="1">
<core>NULL</core>
<MemPortIdVec></MemPortIdVec>
<condition id="-1">
<or_exp><and_exp></and_exp></or_exp>
</condition>

<Node id="14" bw="0" op_0_bw="0" op_1_bw="8">
<![CDATA[
.preheader.preheader.0:3  call void (...)* @_ssdm_op_SpecBitsMap(i8* %V) nounwind, !map !30

]]></Node>
<StgValue><ssdm name="specbitsmap_ln0"/></StgValue>
</operation>

<operation id="70" st_id="3" stage="1" lat="1">
<core>NULL</core>
<MemPortIdVec></MemPortIdVec>
<condition id="-1">
<or_exp><and_exp></and_exp></or_exp>
</condition>

<Node id="15" bw="0" op_0_bw="0" op_1_bw="0">
<![CDATA[
.preheader.preheader.0:4  call void (...)* @_ssdm_op_SpecTopModule([13 x i8]* @MedianFilter_str) nounwind

]]></Node>
<StgValue><ssdm name="spectopmodule_ln0"/></StgValue>
</operation>

<operation id="71" st_id="3" stage="1" lat="1">
<core>NULL</core>
<MemPortIdVec></MemPortIdVec>
<condition id="-1">
<or_exp><and_exp></and_exp></or_exp>
</condition>

<Node id="19" bw="0" op_0_bw="0" op_1_bw="32" op_2_bw="32" op_3_bw="32" op_4_bw="32" op_5_bw="0">
<![CDATA[
.preheader.preheader.0:8  call void (...)* @_ssdm_op_SpecPipeline(i32 1, i32 1, i32 1, i32 0, [1 x i8]* @p_str) nounwind

]]></Node>
<StgValue><ssdm name="specpipeline_ln45"/></StgValue>
</operation>

<operation id="72" st_id="3" stage="1" lat="1">
<core>Cmp</core>
<MemPortIdVec></MemPortIdVec>
<condition id="-1">
<or_exp><and_exp></and_exp></or_exp>
</condition>

<Node id="79" bw="1" op_0_bw="8" op_1_bw="8">
<![CDATA[
.preheader.preheader.0:68  %icmp_ln16 = icmp ugt i8 %temp_13, %select_ln15

]]></Node>
<StgValue><ssdm name="icmp_ln16"/></StgValue>
</operation>

<operation id="73" st_id="3" stage="1" lat="1">
<core>Sel</core>
<MemPortIdVec></MemPortIdVec>
<condition id="-1">
<or_exp><and_exp></and_exp></or_exp>
</condition>

<Node id="80" bw="8" op_0_bw="1" op_1_bw="8" op_2_bw="8">
<![CDATA[
.preheader.preheader.0:69  %select_ln16 = select i1 %icmp_ln16, i8 %select_ln15, i8 %temp_13

]]></Node>
<StgValue><ssdm name="select_ln16"/></StgValue>
</operation>

<operation id="74" st_id="3" stage="1" lat="1">
<core>NULL</core>
<MemPortIdVec></MemPortIdVec>
<condition id="-1">
<or_exp><and_exp></and_exp></or_exp>
</condition>

<Node id="81" bw="0" op_0_bw="0" op_1_bw="8" op_2_bw="8">
<![CDATA[
.preheader.preheader.0:70  call void @_ssdm_op_Write.ap_auto.i8P(i8* %V, i8 %select_ln16) nounwind

]]></Node>
<StgValue><ssdm name="write_ln73"/></StgValue>
</operation>

<operation id="75" st_id="3" stage="1" lat="1">
<core>NULL</core>
<MemPortIdVec></MemPortIdVec>
<condition id="-1">
<or_exp><and_exp></and_exp></or_exp>
</condition>

<Node id="82" bw="0">
<![CDATA[
.preheader.preheader.0:71  ret void

]]></Node>
<StgValue><ssdm name="ret_ln74"/></StgValue>
</operation>
</state>
</state_list>


<ports>
<port id="81" name="row1" dir="0" iftype="0">
<core>NULL</core><StgValue><ssdm name="row1"/></StgValue>
</port>
<port id="82" name="row2" dir="0" iftype="0">
<core>NULL</core><StgValue><ssdm name="row2"/></StgValue>
</port>
<port id="83" name="row3" dir="0" iftype="0">
<core>NULL</core><StgValue><ssdm name="row3"/></StgValue>
</port>
<port id="84" name="V" dir="1" iftype="0">
<core>NULL</core><StgValue><ssdm name="V"/></StgValue>
</port>
<port id="85" name="pixelWindowBuffer_1" dir="2" iftype="0">
<core>NULL</core><StgValue><ssdm name="pixelWindowBuffer_1"/></StgValue>
</port>
<port id="86" name="pixelWindowBuffer_0" dir="2" iftype="0">
<core>NULL</core><StgValue><ssdm name="pixelWindowBuffer_0"/></StgValue>
</port>
<port id="87" name="pixelWindowBuffer_4" dir="2" iftype="0">
<core>NULL</core><StgValue><ssdm name="pixelWindowBuffer_4"/></StgValue>
</port>
<port id="88" name="pixelWindowBuffer_3" dir="2" iftype="0">
<core>NULL</core><StgValue><ssdm name="pixelWindowBuffer_3"/></StgValue>
</port>
<port id="89" name="pixelWindowBuffer_7" dir="2" iftype="0">
<core>NULL</core><StgValue><ssdm name="pixelWindowBuffer_7"/></StgValue>
</port>
<port id="90" name="pixelWindowBuffer_6" dir="2" iftype="0">
<core>NULL</core><StgValue><ssdm name="pixelWindowBuffer_6"/></StgValue>
</port>
</ports>


<dataflows>
<dataflow id="92" from="_ssdm_op_Read.ap_auto.i8" to="row3_read" fromId="91" toId="4">
</dataflow>
<dataflow id="93" from="row3" to="row3_read" fromId="83" toId="4">
</dataflow>
<dataflow id="94" from="_ssdm_op_Read.ap_auto.i8" to="row2_read" fromId="91" toId="5">
</dataflow>
<dataflow id="95" from="row2" to="row2_read" fromId="82" toId="5">
</dataflow>
<dataflow id="96" from="_ssdm_op_Read.ap_auto.i8" to="row1_read" fromId="91" toId="6">
</dataflow>
<dataflow id="97" from="row1" to="row1_read" fromId="81" toId="6">
</dataflow>
<dataflow id="98" from="pixelWindowBuffer_1" to="sortBuffer_2" fromId="85" toId="7">
</dataflow>
<dataflow id="99" from="pixelWindowBuffer_0" to="sortBuffer_1" fromId="86" toId="8">
</dataflow>
<dataflow id="100" from="sortBuffer_1" to="store_ln58" fromId="8" toId="9">
</dataflow>
<dataflow id="101" from="pixelWindowBuffer_1" to="store_ln58" fromId="85" toId="9">
</dataflow>
<dataflow id="102" from="pixelWindowBuffer_4" to="sortBuffer_5" fromId="87" toId="10">
</dataflow>
<dataflow id="103" from="pixelWindowBuffer_3" to="sortBuffer_4" fromId="88" toId="11">
</dataflow>
<dataflow id="104" from="sortBuffer_4" to="store_ln58" fromId="11" toId="12">
</dataflow>
<dataflow id="105" from="pixelWindowBuffer_4" to="store_ln58" fromId="87" toId="12">
</dataflow>
<dataflow id="106" from="pixelWindowBuffer_7" to="sortBuffer_8" fromId="89" toId="13">
</dataflow>
<dataflow id="107" from="pixelWindowBuffer_6" to="sortBuffer_7" fromId="90" toId="14">
</dataflow>
<dataflow id="108" from="sortBuffer_7" to="store_ln58" fromId="14" toId="15">
</dataflow>
<dataflow id="109" from="pixelWindowBuffer_7" to="store_ln58" fromId="89" toId="15">
</dataflow>
<dataflow id="110" from="row1_read" to="store_ln65" fromId="6" toId="16">
</dataflow>
<dataflow id="111" from="pixelWindowBuffer_0" to="store_ln65" fromId="86" toId="16">
</dataflow>
<dataflow id="112" from="row2_read" to="store_ln66" fromId="5" toId="17">
</dataflow>
<dataflow id="113" from="pixelWindowBuffer_3" to="store_ln66" fromId="88" toId="17">
</dataflow>
<dataflow id="114" from="row3_read" to="store_ln67" fromId="4" toId="18">
</dataflow>
<dataflow id="115" from="pixelWindowBuffer_6" to="store_ln67" fromId="90" toId="18">
</dataflow>
<dataflow id="116" from="sortBuffer_1" to="icmp_ln10" fromId="8" toId="19">
</dataflow>
<dataflow id="117" from="sortBuffer_2" to="icmp_ln10" fromId="7" toId="19">
</dataflow>
<dataflow id="118" from="icmp_ln10" to="select_ln10" fromId="19" toId="20">
</dataflow>
<dataflow id="119" from="sortBuffer_1" to="select_ln10" fromId="8" toId="20">
</dataflow>
<dataflow id="120" from="sortBuffer_2" to="select_ln10" fromId="7" toId="20">
</dataflow>
<dataflow id="121" from="icmp_ln10" to="select_ln10_1" fromId="19" toId="21">
</dataflow>
<dataflow id="122" from="sortBuffer_2" to="select_ln10_1" fromId="7" toId="21">
</dataflow>
<dataflow id="123" from="sortBuffer_1" to="select_ln10_1" fromId="8" toId="21">
</dataflow>
<dataflow id="124" from="sortBuffer_4" to="icmp_ln10_1" fromId="11" toId="22">
</dataflow>
<dataflow id="125" from="sortBuffer_5" to="icmp_ln10_1" fromId="10" toId="22">
</dataflow>
<dataflow id="126" from="icmp_ln10_1" to="select_ln10_2" fromId="22" toId="23">
</dataflow>
<dataflow id="127" from="sortBuffer_4" to="select_ln10_2" fromId="11" toId="23">
</dataflow>
<dataflow id="128" from="sortBuffer_5" to="select_ln10_2" fromId="10" toId="23">
</dataflow>
<dataflow id="129" from="icmp_ln10_1" to="select_ln10_3" fromId="22" toId="24">
</dataflow>
<dataflow id="130" from="sortBuffer_5" to="select_ln10_3" fromId="10" toId="24">
</dataflow>
<dataflow id="131" from="sortBuffer_4" to="select_ln10_3" fromId="11" toId="24">
</dataflow>
<dataflow id="132" from="sortBuffer_7" to="icmp_ln10_2" fromId="14" toId="25">
</dataflow>
<dataflow id="133" from="sortBuffer_8" to="icmp_ln10_2" fromId="13" toId="25">
</dataflow>
<dataflow id="134" from="icmp_ln10_2" to="select_ln10_4" fromId="25" toId="26">
</dataflow>
<dataflow id="135" from="sortBuffer_7" to="select_ln10_4" fromId="14" toId="26">
</dataflow>
<dataflow id="136" from="sortBuffer_8" to="select_ln10_4" fromId="13" toId="26">
</dataflow>
<dataflow id="137" from="icmp_ln10_2" to="select_ln10_5" fromId="25" toId="27">
</dataflow>
<dataflow id="138" from="sortBuffer_8" to="select_ln10_5" fromId="13" toId="27">
</dataflow>
<dataflow id="139" from="sortBuffer_7" to="select_ln10_5" fromId="14" toId="27">
</dataflow>
<dataflow id="140" from="select_ln10_1" to="icmp_ln11" fromId="21" toId="28">
</dataflow>
<dataflow id="141" from="row1_read" to="icmp_ln11" fromId="6" toId="28">
</dataflow>
<dataflow id="142" from="icmp_ln11" to="temp_1" fromId="28" toId="29">
</dataflow>
<dataflow id="143" from="select_ln10_1" to="temp_1" fromId="21" toId="29">
</dataflow>
<dataflow id="144" from="row1_read" to="temp_1" fromId="6" toId="29">
</dataflow>
<dataflow id="145" from="icmp_ln11" to="temp_2" fromId="28" toId="30">
</dataflow>
<dataflow id="146" from="row1_read" to="temp_2" fromId="6" toId="30">
</dataflow>
<dataflow id="147" from="select_ln10_1" to="temp_2" fromId="21" toId="30">
</dataflow>
<dataflow id="148" from="select_ln10_3" to="icmp_ln11_1" fromId="24" toId="31">
</dataflow>
<dataflow id="149" from="row2_read" to="icmp_ln11_1" fromId="5" toId="31">
</dataflow>
<dataflow id="150" from="icmp_ln11_1" to="select_ln11" fromId="31" toId="32">
</dataflow>
<dataflow id="151" from="select_ln10_3" to="select_ln11" fromId="24" toId="32">
</dataflow>
<dataflow id="152" from="row2_read" to="select_ln11" fromId="5" toId="32">
</dataflow>
<dataflow id="153" from="icmp_ln11_1" to="temp_3" fromId="31" toId="33">
</dataflow>
<dataflow id="154" from="row2_read" to="temp_3" fromId="5" toId="33">
</dataflow>
<dataflow id="155" from="select_ln10_3" to="temp_3" fromId="24" toId="33">
</dataflow>
<dataflow id="156" from="select_ln10_5" to="icmp_ln11_2" fromId="27" toId="34">
</dataflow>
<dataflow id="157" from="row3_read" to="icmp_ln11_2" fromId="4" toId="34">
</dataflow>
<dataflow id="158" from="icmp_ln11_2" to="select_ln11_3" fromId="34" toId="35">
</dataflow>
<dataflow id="159" from="select_ln10_5" to="select_ln11_3" fromId="27" toId="35">
</dataflow>
<dataflow id="160" from="row3_read" to="select_ln11_3" fromId="4" toId="35">
</dataflow>
<dataflow id="161" from="icmp_ln11_2" to="temp_4" fromId="34" toId="36">
</dataflow>
<dataflow id="162" from="row3_read" to="temp_4" fromId="4" toId="36">
</dataflow>
<dataflow id="163" from="select_ln10_5" to="temp_4" fromId="27" toId="36">
</dataflow>
<dataflow id="164" from="temp_2" to="icmp_ln12" fromId="30" toId="37">
</dataflow>
<dataflow id="165" from="select_ln10" to="icmp_ln12" fromId="20" toId="37">
</dataflow>
<dataflow id="166" from="icmp_ln12" to="temp_5" fromId="37" toId="38">
</dataflow>
<dataflow id="167" from="temp_2" to="temp_5" fromId="30" toId="38">
</dataflow>
<dataflow id="168" from="select_ln10" to="temp_5" fromId="20" toId="38">
</dataflow>
<dataflow id="169" from="icmp_ln12" to="temp_6" fromId="37" toId="39">
</dataflow>
<dataflow id="170" from="select_ln10" to="temp_6" fromId="20" toId="39">
</dataflow>
<dataflow id="171" from="temp_2" to="temp_6" fromId="30" toId="39">
</dataflow>
<dataflow id="172" from="temp_3" to="icmp_ln12_1" fromId="33" toId="40">
</dataflow>
<dataflow id="173" from="select_ln10_2" to="icmp_ln12_1" fromId="23" toId="40">
</dataflow>
<dataflow id="174" from="icmp_ln12_1" to="temp_7" fromId="40" toId="41">
</dataflow>
<dataflow id="175" from="select_ln10_2" to="temp_7" fromId="23" toId="41">
</dataflow>
<dataflow id="176" from="temp_3" to="temp_7" fromId="33" toId="41">
</dataflow>
<dataflow id="177" from="icmp_ln12_1" to="temp_8" fromId="40" toId="42">
</dataflow>
<dataflow id="178" from="temp_3" to="temp_8" fromId="33" toId="42">
</dataflow>
<dataflow id="179" from="select_ln10_2" to="temp_8" fromId="23" toId="42">
</dataflow>
<dataflow id="180" from="temp_4" to="icmp_ln12_2" fromId="36" toId="43">
</dataflow>
<dataflow id="181" from="select_ln10_4" to="icmp_ln12_2" fromId="26" toId="43">
</dataflow>
<dataflow id="182" from="icmp_ln12_2" to="select_ln12" fromId="43" toId="44">
</dataflow>
<dataflow id="183" from="select_ln10_4" to="select_ln12" fromId="26" toId="44">
</dataflow>
<dataflow id="184" from="temp_4" to="select_ln12" fromId="36" toId="44">
</dataflow>
<dataflow id="185" from="icmp_ln12_2" to="select_ln12_2" fromId="43" toId="45">
</dataflow>
<dataflow id="186" from="temp_4" to="select_ln12_2" fromId="36" toId="45">
</dataflow>
<dataflow id="187" from="select_ln10_4" to="select_ln12_2" fromId="26" toId="45">
</dataflow>
<dataflow id="188" from="temp_1" to="icmp_ln13" fromId="29" toId="46">
</dataflow>
<dataflow id="189" from="select_ln11" to="icmp_ln13" fromId="32" toId="46">
</dataflow>
<dataflow id="190" from="icmp_ln13" to="temp_9" fromId="46" toId="47">
</dataflow>
<dataflow id="191" from="temp_1" to="temp_9" fromId="29" toId="47">
</dataflow>
<dataflow id="192" from="select_ln11" to="temp_9" fromId="32" toId="47">
</dataflow>
<dataflow id="193" from="temp_8" to="icmp_ln13_1" fromId="42" toId="48">
</dataflow>
<dataflow id="194" from="select_ln12_2" to="icmp_ln13_1" fromId="45" toId="48">
</dataflow>
<dataflow id="195" from="icmp_ln13_1" to="select_ln13" fromId="48" toId="49">
</dataflow>
<dataflow id="196" from="select_ln12_2" to="select_ln13" fromId="45" toId="49">
</dataflow>
<dataflow id="197" from="temp_8" to="select_ln13" fromId="42" toId="49">
</dataflow>
<dataflow id="198" from="temp_7" to="icmp_ln13_2" fromId="41" toId="50">
</dataflow>
<dataflow id="199" from="select_ln12" to="icmp_ln13_2" fromId="44" toId="50">
</dataflow>
<dataflow id="200" from="icmp_ln13_2" to="select_ln13_1" fromId="50" toId="51">
</dataflow>
<dataflow id="201" from="temp_7" to="select_ln13_1" fromId="41" toId="51">
</dataflow>
<dataflow id="202" from="select_ln12" to="select_ln13_1" fromId="44" toId="51">
</dataflow>
<dataflow id="203" from="icmp_ln13_2" to="select_ln13_2" fromId="50" toId="52">
</dataflow>
<dataflow id="204" from="select_ln12" to="select_ln13_2" fromId="44" toId="52">
</dataflow>
<dataflow id="205" from="temp_7" to="select_ln13_2" fromId="41" toId="52">
</dataflow>
<dataflow id="206" from="temp_9" to="icmp_ln14" fromId="47" toId="53">
</dataflow>
<dataflow id="207" from="select_ln11_3" to="icmp_ln14" fromId="35" toId="53">
</dataflow>
<dataflow id="208" from="icmp_ln14" to="temp_10" fromId="53" toId="54">
</dataflow>
<dataflow id="209" from="temp_9" to="temp_10" fromId="47" toId="54">
</dataflow>
<dataflow id="210" from="select_ln11_3" to="temp_10" fromId="35" toId="54">
</dataflow>
<dataflow id="211" from="temp_6" to="icmp_ln14_1" fromId="39" toId="55">
</dataflow>
<dataflow id="212" from="select_ln13_2" to="icmp_ln14_1" fromId="52" toId="55">
</dataflow>
<dataflow id="213" from="icmp_ln14_1" to="temp_11" fromId="55" toId="56">
</dataflow>
<dataflow id="214" from="temp_6" to="temp_11" fromId="39" toId="56">
</dataflow>
<dataflow id="215" from="select_ln13_2" to="temp_11" fromId="52" toId="56">
</dataflow>
<dataflow id="216" from="temp_5" to="icmp_ln14_2" fromId="38" toId="57">
</dataflow>
<dataflow id="217" from="select_ln13" to="icmp_ln14_2" fromId="49" toId="57">
</dataflow>
<dataflow id="218" from="icmp_ln14_2" to="select_ln14" fromId="57" toId="58">
</dataflow>
<dataflow id="219" from="select_ln13" to="select_ln14" fromId="49" toId="58">
</dataflow>
<dataflow id="220" from="temp_5" to="select_ln14" fromId="38" toId="58">
</dataflow>
<dataflow id="221" from="temp_11" to="icmp_ln15" fromId="56" toId="59">
</dataflow>
<dataflow id="222" from="select_ln13_1" to="icmp_ln15" fromId="51" toId="59">
</dataflow>
<dataflow id="223" from="icmp_ln15" to="temp_12" fromId="59" toId="60">
</dataflow>
<dataflow id="224" from="select_ln13_1" to="temp_12" fromId="51" toId="60">
</dataflow>
<dataflow id="225" from="temp_11" to="temp_12" fromId="56" toId="60">
</dataflow>
<dataflow id="226" from="temp_12" to="icmp_ln15_1" fromId="60" toId="61">
</dataflow>
<dataflow id="227" from="select_ln14" to="icmp_ln15_1" fromId="58" toId="61">
</dataflow>
<dataflow id="228" from="icmp_ln15_1" to="select_ln15" fromId="61" toId="62">
</dataflow>
<dataflow id="229" from="temp_12" to="select_ln15" fromId="60" toId="62">
</dataflow>
<dataflow id="230" from="select_ln14" to="select_ln15" fromId="58" toId="62">
</dataflow>
<dataflow id="231" from="icmp_ln15_1" to="select_ln15_1" fromId="61" toId="63">
</dataflow>
<dataflow id="232" from="select_ln14" to="select_ln15_1" fromId="58" toId="63">
</dataflow>
<dataflow id="233" from="temp_12" to="select_ln15_1" fromId="60" toId="63">
</dataflow>
<dataflow id="234" from="temp_10" to="icmp_ln15_2" fromId="54" toId="64">
</dataflow>
<dataflow id="235" from="select_ln15_1" to="icmp_ln15_2" fromId="63" toId="64">
</dataflow>
<dataflow id="236" from="icmp_ln15_2" to="temp_13" fromId="64" toId="65">
</dataflow>
<dataflow id="237" from="temp_10" to="temp_13" fromId="54" toId="65">
</dataflow>
<dataflow id="238" from="select_ln15_1" to="temp_13" fromId="63" toId="65">
</dataflow>
<dataflow id="240" from="_ssdm_op_SpecBitsMap" to="specbitsmap_ln0" fromId="239" toId="66">
</dataflow>
<dataflow id="241" from="row1" to="specbitsmap_ln0" fromId="81" toId="66">
</dataflow>
<dataflow id="242" from="_ssdm_op_SpecBitsMap" to="specbitsmap_ln0" fromId="239" toId="67">
</dataflow>
<dataflow id="243" from="row2" to="specbitsmap_ln0" fromId="82" toId="67">
</dataflow>
<dataflow id="244" from="_ssdm_op_SpecBitsMap" to="specbitsmap_ln0" fromId="239" toId="68">
</dataflow>
<dataflow id="245" from="row3" to="specbitsmap_ln0" fromId="83" toId="68">
</dataflow>
<dataflow id="246" from="_ssdm_op_SpecBitsMap" to="specbitsmap_ln0" fromId="239" toId="69">
</dataflow>
<dataflow id="247" from="V" to="specbitsmap_ln0" fromId="84" toId="69">
</dataflow>
<dataflow id="249" from="_ssdm_op_SpecTopModule" to="spectopmodule_ln0" fromId="248" toId="70">
</dataflow>
<dataflow id="251" from="MedianFilter_str" to="spectopmodule_ln0" fromId="250" toId="70">
</dataflow>
<dataflow id="253" from="_ssdm_op_SpecPipeline" to="specpipeline_ln45" fromId="252" toId="71">
</dataflow>
<dataflow id="255" from="StgValue_254" to="specpipeline_ln45" fromId="254" toId="71">
</dataflow>
<dataflow id="256" from="StgValue_254" to="specpipeline_ln45" fromId="254" toId="71">
</dataflow>
<dataflow id="257" from="StgValue_254" to="specpipeline_ln45" fromId="254" toId="71">
</dataflow>
<dataflow id="259" from="StgValue_258" to="specpipeline_ln45" fromId="258" toId="71">
</dataflow>
<dataflow id="261" from="p_str" to="specpipeline_ln45" fromId="260" toId="71">
</dataflow>
<dataflow id="262" from="temp_13" to="icmp_ln16" fromId="65" toId="72">
</dataflow>
<dataflow id="263" from="select_ln15" to="icmp_ln16" fromId="62" toId="72">
</dataflow>
<dataflow id="264" from="icmp_ln16" to="select_ln16" fromId="72" toId="73">
</dataflow>
<dataflow id="265" from="select_ln15" to="select_ln16" fromId="62" toId="73">
</dataflow>
<dataflow id="266" from="temp_13" to="select_ln16" fromId="65" toId="73">
</dataflow>
<dataflow id="268" from="_ssdm_op_Write.ap_auto.i8P" to="write_ln73" fromId="267" toId="74">
</dataflow>
<dataflow id="269" from="V" to="write_ln73" fromId="84" toId="74">
</dataflow>
<dataflow id="270" from="select_ln16" to="write_ln73" fromId="73" toId="74">
</dataflow>
</dataflows>


</stg>
