<stg><name>MedianFilter</name>


<trans_list>

<trans id="79" from="1" to="2">
<condition id="-1">
<or_exp><and_exp></and_exp></or_exp>
</condition>
</trans>

<trans id="80" from="2" to="3">
<condition id="-1">
<or_exp><and_exp></and_exp></or_exp>
</condition>
</trans>
</trans_list>



<state_list>

<state id="1" st_id="1">

<operation id="4" st_id="1" stage="1" lat="1">
<core>NULL</core>
<MemPortIdVec></MemPortIdVec>
<condition id="-1">
<or_exp><and_exp></and_exp></or_exp>
</condition>

<Node id="16" bw="8" op_0_bw="8" op_1_bw="8">
<![CDATA[
.preheader.preheader.0:5  %row3_read = call i8 @_ssdm_op_Read.ap_auto.i8(i8 %row3) nounwind

]]></Node>
<StgValue><ssdm name="row3_read"/></StgValue>
</operation>

<operation id="5" st_id="1" stage="1" lat="1">
<core>NULL</core>
<MemPortIdVec></MemPortIdVec>
<condition id="-1">
<or_exp><and_exp></and_exp></or_exp>
</condition>

<Node id="17" bw="8" op_0_bw="8" op_1_bw="8">
<![CDATA[
.preheader.preheader.0:6  %row2_read = call i8 @_ssdm_op_Read.ap_auto.i8(i8 %row2) nounwind

]]></Node>
<StgValue><ssdm name="row2_read"/></StgValue>
</operation>

<operation id="6" st_id="1" stage="1" lat="1">
<core>NULL</core>
<MemPortIdVec></MemPortIdVec>
<condition id="-1">
<or_exp><and_exp></and_exp></or_exp>
</condition>

<Node id="18" bw="8" op_0_bw="8" op_1_bw="8">
<![CDATA[
.preheader.preheader.0:7  %row1_read = call i8 @_ssdm_op_Read.ap_auto.i8(i8 %row1) nounwind

]]></Node>
<StgValue><ssdm name="row1_read"/></StgValue>
</operation>

<operation id="7" st_id="1" stage="1" lat="1">
<core>NULL</core>
<MemPortIdVec></MemPortIdVec>
<condition id="-1">
<or_exp><and_exp></and_exp></or_exp>
</condition>

<Node id="20" bw="8" op_0_bw="8">
<![CDATA[
.preheader.preheader.0:9  %sortBuffer_2 = load i8* @pixelWindowBuffer_1, align 1

]]></Node>
<StgValue><ssdm name="sortBuffer_2"/></StgValue>
</operation>

<operation id="8" st_id="1" stage="1" lat="1">
<core>NULL</core>
<MemPortIdVec></MemPortIdVec>
<condition id="-1">
<or_exp><and_exp></and_exp></or_exp>
</condition>

<Node id="21" bw="8" op_0_bw="8">
<![CDATA[
.preheader.preheader.0:10  %sortBuffer_1 = load i8* @pixelWindowBuffer_0, align 1

]]></Node>
<StgValue><ssdm name="sortBuffer_1"/></StgValue>
</operation>

<operation id="9" st_id="1" stage="1" lat="1">
<core>NULL</core>
<MemPortIdVec></MemPortIdVec>
<condition id="-1">
<or_exp><and_exp></and_exp></or_exp>
</condition>

<Node id="22" bw="0" op_0_bw="8" op_1_bw="8" op_2_bw="8">
<![CDATA[
.preheader.preheader.0:11  store i8 %sortBuffer_1, i8* @pixelWindowBuffer_1, align 1

]]></Node>
<StgValue><ssdm name="store_ln58"/></StgValue>
</operation>

<operation id="10" st_id="1" stage="1" lat="1">
<core>NULL</core>
<MemPortIdVec></MemPortIdVec>
<condition id="-1">
<or_exp><and_exp></and_exp></or_exp>
</condition>

<Node id="23" bw="8" op_0_bw="8">
<![CDATA[
.preheader.preheader.0:12  %sortBuffer_5 = load i8* @pixelWindowBuffer_4, align 1

]]></Node>
<StgValue><ssdm name="sortBuffer_5"/></StgValue>
</operation>

<operation id="11" st_id="1" stage="1" lat="1">
<core>NULL</core>
<MemPortIdVec></MemPortIdVec>
<condition id="-1">
<or_exp><and_exp></and_exp></or_exp>
</condition>

<Node id="24" bw="8" op_0_bw="8">
<![CDATA[
.preheader.preheader.0:13  %sortBuffer_4 = load i8* @pixelWindowBuffer_3, align 1

]]></Node>
<StgValue><ssdm name="sortBuffer_4"/></StgValue>
</operation>

<operation id="12" st_id="1" stage="1" lat="1">
<core>NULL</core>
<MemPortIdVec></MemPortIdVec>
<condition id="-1">
<or_exp><and_exp></and_exp></or_exp>
</condition>

<Node id="25" bw="0" op_0_bw="8" op_1_bw="8" op_2_bw="8">
<![CDATA[
.preheader.preheader.0:14  store i8 %sortBuffer_4, i8* @pixelWindowBuffer_4, align 1

]]></Node>
<StgValue><ssdm name="store_ln58"/></StgValue>
</operation>

<operation id="13" st_id="1" stage="1" lat="1">
<core>NULL</core>
<MemPortIdVec></MemPortIdVec>
<condition id="-1">
<or_exp><and_exp></and_exp></or_exp>
</condition>

<Node id="26" bw="8" op_0_bw="8">
<![CDATA[
.preheader.preheader.0:15  %sortBuffer_8 = load i8* @pixelWindowBuffer_7, align 1

]]></Node>
<StgValue><ssdm name="sortBuffer_8"/></StgValue>
</operation>

<operation id="14" st_id="1" stage="1" lat="1">
<core>NULL</core>
<MemPortIdVec></MemPortIdVec>
<condition id="-1">
<or_exp><and_exp></and_exp></or_exp>
</condition>

<Node id="27" bw="8" op_0_bw="8">
<![CDATA[
.preheader.preheader.0:16  %sortBuffer_7 = load i8* @pixelWindowBuffer_6, align 1

]]></Node>
<StgValue><ssdm name="sortBuffer_7"/></StgValue>
</operation>

<operation id="15" st_id="1" stage="1" lat="1">
<core>NULL</core>
<MemPortIdVec></MemPortIdVec>
<condition id="-1">
<or_exp><and_exp></and_exp></or_exp>
</condition>

<Node id="28" bw="0" op_0_bw="8" op_1_bw="8" op_2_bw="8">
<![CDATA[
.preheader.preheader.0:17  store i8 %sortBuffer_7, i8* @pixelWindowBuffer_7, align 1

]]></Node>
<StgValue><ssdm name="store_ln58"/></StgValue>
</operation>

<operation id="16" st_id="1" stage="1" lat="1">
<core>NULL</core>
<MemPortIdVec></MemPortIdVec>
<condition id="-1">
<or_exp><and_exp></and_exp></or_exp>
</condition>

<Node id="29" bw="0" op_0_bw="8" op_1_bw="8" op_2_bw="8">
<![CDATA[
.preheader.preheader.0:18  store i8 %row1_read, i8* @pixelWindowBuffer_0, align 1

]]></Node>
<StgValue><ssdm name="store_ln65"/></StgValue>
</operation>

<operation id="17" st_id="1" stage="1" lat="1">
<core>NULL</core>
<MemPortIdVec></MemPortIdVec>
<condition id="-1">
<or_exp><and_exp></and_exp></or_exp>
</condition>

<Node id="30" bw="0" op_0_bw="8" op_1_bw="8" op_2_bw="8">
<![CDATA[
.preheader.preheader.0:19  store i8 %row2_read, i8* @pixelWindowBuffer_3, align 1

]]></Node>
<StgValue><ssdm name="store_ln66"/></StgValue>
</operation>

<operation id="18" st_id="1" stage="1" lat="1">
<core>NULL</core>
<MemPortIdVec></MemPortIdVec>
<condition id="-1">
<or_exp><and_exp></and_exp></or_exp>
</condition>

<Node id="31" bw="0" op_0_bw="8" op_1_bw="8" op_2_bw="8">
<![CDATA[
.preheader.preheader.0:20  store i8 %row3_read, i8* @pixelWindowBuffer_6, align 1

]]></Node>
<StgValue><ssdm name="store_ln67"/></StgValue>
</operation>

<operation id="19" st_id="1" stage="1" lat="1">
<core>Cmp</core>
<MemPortIdVec></MemPortIdVec>
<condition id="-1">
<or_exp><and_exp></and_exp></or_exp>
</condition>

<Node id="32" bw="1" op_0_bw="8" op_1_bw="8">
<![CDATA[
.preheader.preheader.0:21  %icmp_ln10 = icmp ugt i8 %sortBuffer_1, %sortBuffer_2

]]></Node>
<StgValue><ssdm name="icmp_ln10"/></StgValue>
</operation>

<operation id="20" st_id="1" stage="1" lat="1">
<core>Sel</core>
<MemPortIdVec></MemPortIdVec>
<condition id="-1">
<or_exp><and_exp></and_exp></or_exp>
</condition>

<Node id="33" bw="8" op_0_bw="1" op_1_bw="8" op_2_bw="8">
<![CDATA[
.preheader.preheader.0:22  %select_ln10 = select i1 %icmp_ln10, i8 %sortBuffer_1, i8 %sortBuffer_2

]]></Node>
<StgValue><ssdm name="select_ln10"/></StgValue>
</operation>

<operation id="21" st_id="1" stage="1" lat="1">
<core>Sel</core>
<MemPortIdVec></MemPortIdVec>
<condition id="-1">
<or_exp><and_exp></and_exp></or_exp>
</condition>

<Node id="34" bw="8" op_0_bw="1" op_1_bw="8" op_2_bw="8">
<![CDATA[
.preheader.preheader.0:23  %select_ln10_1 = select i1 %icmp_ln10, i8 %sortBuffer_2, i8 %sortBuffer_1

]]></Node>
<StgValue><ssdm name="select_ln10_1"/></StgValue>
</operation>

<operation id="22" st_id="1" stage="1" lat="1">
<core>Cmp</core>
<MemPortIdVec></MemPortIdVec>
<condition id="-1">
<or_exp><and_exp></and_exp></or_exp>
</condition>

<Node id="35" bw="1" op_0_bw="8" op_1_bw="8">
<![CDATA[
.preheader.preheader.0:24  %icmp_ln10_1 = icmp ugt i8 %sortBuffer_4, %sortBuffer_5

]]></Node>
<StgValue><ssdm name="icmp_ln10_1"/></StgValue>
</operation>

<operation id="23" st_id="1" stage="1" lat="1">
<core>Sel</core>
<MemPortIdVec></MemPortIdVec>
<condition id="-1">
<or_exp><and_exp></and_exp></or_exp>
</condition>

<Node id="36" bw="8" op_0_bw="1" op_1_bw="8" op_2_bw="8">
<![CDATA[
.preheader.preheader.0:25  %select_ln10_2 = select i1 %icmp_ln10_1, i8 %sortBuffer_4, i8 %sortBuffer_5

]]></Node>
<StgValue><ssdm name="select_ln10_2"/></StgValue>
</operation>

<operation id="24" st_id="1" stage="1" lat="1">
<core>Sel</core>
<MemPortIdVec></MemPortIdVec>
<condition id="-1">
<or_exp><and_exp></and_exp></or_exp>
</condition>

<Node id="37" bw="8" op_0_bw="1" op_1_bw="8" op_2_bw="8">
<![CDATA[
.preheader.preheader.0:26  %select_ln10_3 = select i1 %icmp_ln10_1, i8 %sortBuffer_5, i8 %sortBuffer_4

]]></Node>
<StgValue><ssdm name="select_ln10_3"/></StgValue>
</operation>

<operation id="25" st_id="1" stage="1" lat="1">
<core>Cmp</core>
<MemPortIdVec></MemPortIdVec>
<condition id="-1">
<or_exp><and_exp></and_exp></or_exp>
</condition>

<Node id="38" bw="1" op_0_bw="8" op_1_bw="8">
<![CDATA[
.preheader.preheader.0:27  %icmp_ln10_2 = icmp ugt i8 %sortBuffer_7, %sortBuffer_8

]]></Node>
<StgValue><ssdm name="icmp_ln10_2"/></StgValue>
</operation>

<operation id="26" st_id="1" stage="1" lat="1">
<core>Sel</core>
<MemPortIdVec></MemPortIdVec>
<condition id="-1">
<or_exp><and_exp></and_exp></or_exp>
</condition>

<Node id="39" bw="8" op_0_bw="1" op_1_bw="8" op_2_bw="8">
<![CDATA[
.preheader.preheader.0:28  %select_ln10_4 = select i1 %icmp_ln10_2, i8 %sortBuffer_7, i8 %sortBuffer_8

]]></Node>
<StgValue><ssdm name="select_ln10_4"/></StgValue>
</operation>

<operation id="27" st_id="1" stage="1" lat="1">
<core>Sel</core>
<MemPortIdVec></MemPortIdVec>
<condition id="-1">
<or_exp><and_exp></and_exp></or_exp>
</condition>

<Node id="40" bw="8" op_0_bw="1" op_1_bw="8" op_2_bw="8">
<![CDATA[
.preheader.preheader.0:29  %select_ln10_5 = select i1 %icmp_ln10_2, i8 %sortBuffer_8, i8 %sortBuffer_7

]]></Node>
<StgValue><ssdm name="select_ln10_5"/></StgValue>
</operation>

<operation id="28" st_id="1" stage="1" lat="1">
<core>Cmp</core>
<MemPortIdVec></MemPortIdVec>
<condition id="-1">
<or_exp><and_exp></and_exp></or_exp>
</condition>

<Node id="41" bw="1" op_0_bw="8" op_1_bw="8">
<![CDATA[
.preheader.preheader.0:30  %icmp_ln11 = icmp ult i8 %select_ln10_1, %row1_read

]]></Node>
<StgValue><ssdm name="icmp_ln11"/></StgValue>
</operation>

<operation id="29" st_id="1" stage="1" lat="1">
<core>Sel</core>
<MemPortIdVec></MemPortIdVec>
<condition id="-1">
<or_exp><and_exp></and_exp></or_exp>
</condition>

<Node id="42" bw="8" op_0_bw="1" op_1_bw="8" op_2_bw="8">
<![CDATA[
.preheader.preheader.0:31  %temp_1 = select i1 %icmp_ln11, i8 %select_ln10_1, i8 %row1_read

]]></Node>
<StgValue><ssdm name="temp_1"/></StgValue>
</operation>

<operation id="30" st_id="1" stage="1" lat="1">
<core>Sel</core>
<MemPortIdVec></MemPortIdVec>
<condition id="-1">
<or_exp><and_exp></and_exp></or_exp>
</condition>

<Node id="43" bw="8" op_0_bw="1" op_1_bw="8" op_2_bw="8">
<![CDATA[
.preheader.preheader.0:32  %temp_2 = select i1 %icmp_ln11, i8 %row1_read, i8 %select_ln10_1

]]></Node>
<StgValue><ssdm name="temp_2"/></StgValue>
</operation>

<operation id="31" st_id="1" stage="1" lat="1">
<core>Cmp</core>
<MemPortIdVec></MemPortIdVec>
<condition id="-1">
<or_exp><and_exp></and_exp></or_exp>
</condition>

<Node id="44" bw="1" op_0_bw="8" op_1_bw="8">
<![CDATA[
.preheader.preheader.0:33  %icmp_ln11_1 = icmp ult i8 %select_ln10_3, %row2_read

]]></Node>
<StgValue><ssdm name="icmp_ln11_1"/></StgValue>
</operation>

<operation id="32" st_id="1" stage="1" lat="1">
<core>Sel</core>
<MemPortIdVec></MemPortIdVec>
<condition id="-1">
<or_exp><and_exp></and_exp></or_exp>
</condition>

<Node id="45" bw="8" op_0_bw="1" op_1_bw="8" op_2_bw="8">
<![CDATA[
.preheader.preheader.0:34  %select_ln11 = select i1 %icmp_ln11_1, i8 %select_ln10_3, i8 %row2_read

]]></Node>
<StgValue><ssdm name="select_ln11"/></StgValue>
</operation>

<operation id="33" st_id="1" stage="1" lat="1">
<core>Sel</core>
<MemPortIdVec></MemPortIdVec>
<condition id="-1">
<or_exp><and_exp></and_exp></or_exp>
</condition>

<Node id="46" bw="8" op_0_bw="1" op_1_bw="8" op_2_bw="8">
<![CDATA[
.preheader.preheader.0:35  %temp_3 = select i1 %icmp_ln11_1, i8 %row2_read, i8 %select_ln10_3

]]></Node>
<StgValue><ssdm name="temp_3"/></StgValue>
</operation>

<operation id="34" st_id="1" stage="1" lat="1">
<core>Cmp</core>
<MemPortIdVec></MemPortIdVec>
<condition id="-1">
<or_exp><and_exp></and_exp></or_exp>
</condition>

<Node id="47" bw="1" op_0_bw="8" op_1_bw="8">
<![CDATA[
.preheader.preheader.0:36  %icmp_ln11_2 = icmp ult i8 %select_ln10_5, %row3_read

]]></Node>
<StgValue><ssdm name="icmp_ln11_2"/></StgValue>
</operation>

<operation id="35" st_id="1" stage="1" lat="1">
<core>Sel</core>
<MemPortIdVec></MemPortIdVec>
<condition id="-1">
<or_exp><and_exp></and_exp></or_exp>
</condition>

<Node id="48" bw="8" op_0_bw="1" op_1_bw="8" op_2_bw="8">
<![CDATA[
.preheader.preheader.0:37  %select_ln11_3 = select i1 %icmp_ln11_2, i8 %select_ln10_5, i8 %row3_read

]]></Node>
<StgValue><ssdm name="select_ln11_3"/></StgValue>
</operation>

<operation id="36" st_id="1" stage="1" lat="1">
<core>Sel</core>
<MemPortIdVec></MemPortIdVec>
<condition id="-1">
<or_exp><and_exp></and_exp></or_exp>
</condition>

<Node id="49" bw="8" op_0_bw="1" op_1_bw="8" op_2_bw="8">
<![CDATA[
.preheader.preheader.0:38  %temp_4 = select i1 %icmp_ln11_2, i8 %row3_read, i8 %select_ln10_5

]]></Node>
<StgValue><ssdm name="temp_4"/></StgValue>
</operation>

<operation id="37" st_id="1" stage="1" lat="1">
<core>Cmp</core>
<MemPortIdVec></MemPortIdVec>
<condition id="-1">
<or_exp><and_exp></and_exp></or_exp>
</condition>

<Node id="50" bw="1" op_0_bw="8" op_1_bw="8">
<![CDATA[
.preheader.preheader.0:39  %icmp_ln12 = icmp ugt i8 %temp_2, %select_ln10

]]></Node>
<StgValue><ssdm name="icmp_ln12"/></StgValue>
</operation>

<operation id="38" st_id="1" stage="1" lat="1">
<core>Sel</core>
<MemPortIdVec></MemPortIdVec>
<condition id="-1">
<or_exp><and_exp></and_exp></or_exp>
</condition>

<Node id="51" bw="8" op_0_bw="1" op_1_bw="8" op_2_bw="8">
<![CDATA[
.preheader.preheader.0:40  %temp_5 = select i1 %icmp_ln12, i8 %temp_2, i8 %select_ln10

]]></Node>
<StgValue><ssdm name="temp_5"/></StgValue>
</operation>

<operation id="39" st_id="1" stage="1" lat="1">
<core>Sel</core>
<MemPortIdVec></MemPortIdVec>
<condition id="-1">
<or_exp><and_exp></and_exp></or_exp>
</condition>

<Node id="52" bw="8" op_0_bw="1" op_1_bw="8" op_2_bw="8">
<![CDATA[
.preheader.preheader.0:41  %temp_6 = select i1 %icmp_ln12, i8 %select_ln10, i8 %temp_2

]]></Node>
<StgValue><ssdm name="temp_6"/></StgValue>
</operation>

<operation id="40" st_id="1" stage="1" lat="1">
<core>Cmp</core>
<MemPortIdVec></MemPortIdVec>
<condition id="-1">
<or_exp><and_exp></and_exp></or_exp>
</condition>

<Node id="53" bw="1" op_0_bw="8" op_1_bw="8">
<![CDATA[
.preheader.preheader.0:42  %icmp_ln12_1 = icmp ugt i8 %temp_3, %select_ln10_2

]]></Node>
<StgValue><ssdm name="icmp_ln12_1"/></StgValue>
</operation>

<operation id="41" st_id="1" stage="1" lat="1">
<core>Sel</core>
<MemPortIdVec></MemPortIdVec>
<condition id="-1">
<or_exp><and_exp></and_exp></or_exp>
</condition>

<Node id="54" bw="8" op_0_bw="1" op_1_bw="8" op_2_bw="8">
<![CDATA[
.preheader.preheader.0:43  %temp_7 = select i1 %icmp_ln12_1, i8 %select_ln10_2, i8 %temp_3

]]></Node>
<StgValue><ssdm name="temp_7"/></StgValue>
</operation>

<operation id="42" st_id="1" stage="1" lat="1">
<core>Sel</core>
<MemPortIdVec></MemPortIdVec>
<condition id="-1">
<or_exp><and_exp></and_exp></or_exp>
</condition>

<Node id="55" bw="8" op_0_bw="1" op_1_bw="8" op_2_bw="8">
<![CDATA[
.preheader.preheader.0:44  %temp_8 = select i1 %icmp_ln12_1, i8 %temp_3, i8 %select_ln10_2

]]></Node>
<StgValue><ssdm name="temp_8"/></StgValue>
</operation>

<operation id="43" st_id="1" stage="1" lat="1">
<core>Cmp</core>
<MemPortIdVec></MemPortIdVec>
<condition id="-1">
<or_exp><and_exp></and_exp></or_exp>
</condition>

<Node id="56" bw="1" op_0_bw="8" op_1_bw="8">
<![CDATA[
.preheader.preheader.0:45  %icmp_ln12_2 = icmp ugt i8 %temp_4, %select_ln10_4

]]></Node>
<StgValue><ssdm name="icmp_ln12_2"/></StgValue>
</operation>

<operation id="44" st_id="1" stage="1" lat="1">
<core>Sel</core>
<MemPortIdVec></MemPortIdVec>
<condition id="-1">
<or_exp><and_exp></and_exp></or_exp>
</condition>

<Node id="57" bw="8" op_0_bw="1" op_1_bw="8" op_2_bw="8">
<![CDATA[
.preheader.preheader.0:46  %select_ln12 = select i1 %icmp_ln12_2, i8 %select_ln10_4, i8 %temp_4

]]></Node>
<StgValue><ssdm name="select_ln12"/></StgValue>
</operation>

<operation id="45" st_id="1" stage="1" lat="1">
<core>Sel</core>
<MemPortIdVec></MemPortIdVec>
<condition id="-1">
<or_exp><and_exp></and_exp></or_exp>
</condition>

<Node id="58" bw="8" op_0_bw="1" op_1_bw="8" op_2_bw="8">
<![CDATA[
.preheader.preheader.0:47  %select_ln12_2 = select i1 %icmp_ln12_2, i8 %temp_4, i8 %select_ln10_4

]]></Node>
<StgValue><ssdm name="select_ln12_2"/></StgValue>
</operation>

<operation id="46" st_id="1" stage="1" lat="1">
<core>Cmp</core>
<MemPortIdVec></MemPortIdVec>
<condition id="-1">
<or_exp><and_exp></and_exp></or_exp>
</condition>

<Node id="59" bw="1" op_0_bw="8" op_1_bw="8">
<![CDATA[
.preheader.preheader.0:48  %icmp_ln13 = icmp ugt i8 %temp_1, %select_ln11

]]></Node>
<StgValue><ssdm name="icmp_ln13"/></StgValue>
</operation>

<operation id="47" st_id="1" stage="1" lat="1">
<core>Sel</core>
<MemPortIdVec></MemPortIdVec>
<condition id="-1">
<or_exp><and_exp></and_exp></or_exp>
</condition>

<Node id="60" bw="8" op_0_bw="1" op_1_bw="8" op_2_bw="8">
<![CDATA[
.preheader.preheader.0:49  %temp_9 = select i1 %icmp_ln13, i8 %temp_1, i8 %select_ln11

]]></Node>
<StgValue><ssdm name="temp_9"/></StgValue>
</operation>

<operation id="48" st_id="1" stage="1" lat="1">
<core>Cmp</core>
<MemPortIdVec></MemPortIdVec>
<condition id="-1">
<or_exp><and_exp></and_exp></or_exp>
</condition>

<Node id="61" bw="1" op_0_bw="8" op_1_bw="8">
<![CDATA[
.preheader.preheader.0:50  %icmp_ln13_1 = icmp ugt i8 %temp_8, %select_ln12_2

]]></Node>
<StgValue><ssdm name="icmp_ln13_1"/></StgValue>
</operation>

<operation id="49" st_id="1" stage="1" lat="1">
<core>Sel</core>
<MemPortIdVec></MemPortIdVec>
<condition id="-1">
<or_exp><and_exp></and_exp></or_exp>
</condition>

<Node id="62" bw="8" op_0_bw="1" op_1_bw="8" op_2_bw="8">
<![CDATA[
.preheader.preheader.0:51  %select_ln13 = select i1 %icmp_ln13_1, i8 %select_ln12_2, i8 %temp_8

]]></Node>
<StgValue><ssdm name="select_ln13"/></StgValue>
</operation>

<operation id="50" st_id="1" stage="1" lat="1">
<core>Cmp</core>
<MemPortIdVec></MemPortIdVec>
<condition id="-1">
<or_exp><and_exp></and_exp></or_exp>
</condition>

<Node id="63" bw="1" op_0_bw="8" op_1_bw="8">
<![CDATA[
.preheader.preheader.0:52  %icmp_ln13_2 = icmp ugt i8 %temp_7, %select_ln12

]]></Node>
<StgValue><ssdm name="icmp_ln13_2"/></StgValue>
</operation>

<operation id="51" st_id="1" stage="1" lat="1">
<core>Sel</core>
<MemPortIdVec></MemPortIdVec>
<condition id="-1">
<or_exp><and_exp></and_exp></or_exp>
</condition>

<Node id="64" bw="8" op_0_bw="1" op_1_bw="8" op_2_bw="8">
<![CDATA[
.preheader.preheader.0:53  %select_ln13_1 = select i1 %icmp_ln13_2, i8 %temp_7, i8 %select_ln12

]]></Node>
<StgValue><ssdm name="select_ln13_1"/></StgValue>
</operation>

<operation id="52" st_id="1" stage="1" lat="1">
<core>Sel</core>
<MemPortIdVec></MemPortIdVec>
<condition id="-1">
<or_exp><and_exp></and_exp></or_exp>
</condition>

<Node id="65" bw="8" op_0_bw="1" op_1_bw="8" op_2_bw="8">
<![CDATA[
.preheader.preheader.0:54  %select_ln13_2 = select i1 %icmp_ln13_2, i8 %select_ln12, i8 %temp_7

]]></Node>
<StgValue><ssdm name="select_ln13_2"/></StgValue>
</operation>

<operation id="53" st_id="1" stage="1" lat="1">
<core>Cmp</core>
<MemPortIdVec></MemPortIdVec>
<condition id="-1">
<or_exp><and_exp></and_exp></or_exp>
</condition>

<Node id="66" bw="1" op_0_bw="8" op_1_bw="8">
<![CDATA[
.preheader.preheader.0:55  %icmp_ln14 = icmp ugt i8 %temp_9, %select_ln11_3

]]></Node>
<StgValue><ssdm name="icmp_ln14"/></StgValue>
</operation>

<operation id="54" st_id="1" stage="1" lat="1">
<core>Sel</core>
<MemPortIdVec></MemPortIdVec>
<condition id="-1">
<or_exp><and_exp></and_exp></or_exp>
</condition>

<Node id="67" bw="8" op_0_bw="1" op_1_bw="8" op_2_bw="8">
<![CDATA[
.preheader.preheader.0:56  %temp_10 = select i1 %icmp_ln14, i8 %temp_9, i8 %select_ln11_3

]]></Node>
<StgValue><ssdm name="temp_10"/></StgValue>
</operation>
</state>

<state id="2" st_id="2">

<operation id="55" st_id="2" stage="1" lat="1">
<core>Cmp</core>
<MemPortIdVec></MemPortIdVec>
<condition id="-1">
<or_exp><and_exp></and_exp></or_exp>
</condition>

<Node id="68" bw="1" op_0_bw="8" op_1_bw="8">
<![CDATA[
.preheader.preheader.0:57  %icmp_ln14_1 = icmp ugt i8 %temp_6, %select_ln13_2

]]></Node>
<StgValue><ssdm name="icmp_ln14_1"/></StgValue>
</operation>

<operation id="56" st_id="2" stage="1" lat="1">
<core>Sel</core>
<MemPortIdVec></MemPortIdVec>
<condition id="-1">
<or_exp><and_exp></and_exp></or_exp>
</condition>

<Node id="69" bw="8" op_0_bw="1" op_1_bw="8" op_2_bw="8">
<![CDATA[
.preheader.preheader.0:58  %temp_11 = select i1 %icmp_ln14_1, i8 %temp_6, i8 %select_ln13_2

]]></Node>
<StgValue><ssdm name="temp_11"/></StgValue>
</operation>

<operation id="57" st_id="2" stage="1" lat="1">
<core>Cmp</core>
<MemPortIdVec></MemPortIdVec>
<condition id="-1">
<or_exp><and_exp></and_exp></or_exp>
</condition>

<Node id="70" bw="1" op_0_bw="8" op_1_bw="8">
<![CDATA[
.preheader.preheader.0:59  %icmp_ln14_2 = icmp ugt i8 %temp_5, %select_ln13

]]></Node>
<StgValue><ssdm name="icmp_ln14_2"/></StgValue>
</operation>

<operation id="58" st_id="2" stage="1" lat="1">
<core>Sel</core>
<MemPortIdVec></MemPortIdVec>
<condition id="-1">
<or_exp><and_exp></and_exp></or_exp>
</condition>

<Node id="71" bw="8" op_0_bw="1" op_1_bw="8" op_2_bw="8">
<![CDATA[
.preheader.preheader.0:60  %select_ln14 = select i1 %icmp_ln14_2, i8 %select_ln13, i8 %temp_5

]]></Node>
<StgValue><ssdm name="select_ln14"/></StgValue>
</operation>

<operation id="59" st_id="2" stage="1" lat="1">
<core>Cmp</core>
<MemPortIdVec></MemPortIdVec>
<condition id="-1">
<or_exp><and_exp></and_exp></or_exp>
</condition>

<Node id="72" bw="1" op_0_bw="8" op_1_bw="8">
<![CDATA[
.preheader.preheader.0:61  %icmp_ln15 = icmp ugt i8 %temp_11, %select_ln13_1

]]></Node>
<StgValue><ssdm name="icmp_ln15"/></StgValue>
</operation>

<operation id="60" st_id="2" stage="1" lat="1">
<core>Sel</core>
<MemPortIdVec></MemPortIdVec>
<condition id="-1">
<or_exp><and_exp></and_exp></or_exp>
</condition>

<Node id="73" bw="8" op_0_bw="1" op_1_bw="8" op_2_bw="8">
<![CDATA[
.preheader.preheader.0:62  %temp_12 = select i1 %icmp_ln15, i8 %select_ln13_1, i8 %temp_11

]]></Node>
<StgValue><ssdm name="temp_12"/></StgValue>
</operation>

<operation id="61" st_id="2" stage="1" lat="1">
<core>Cmp</core>
<MemPortIdVec></MemPortIdVec>
<condition id="-1">
<or_exp><and_exp></and_exp></or_exp>
</condition>

<Node id="74" bw="1" op_0_bw="8" op_1_bw="8">
<![CDATA[
.preheader.preheader.0:63  %icmp_ln15_1 = icmp ugt i8 %temp_12, %select_ln14

]]></Node>
<StgValue><ssdm name="icmp_ln15_1"/></StgValue>
</operation>

<operation id="62" st_id="2" stage="1" lat="1">
<core>Sel</core>
<MemPortIdVec></MemPortIdVec>
<condition id="-1">
<or_exp><and_exp></and_exp></or_exp>
</condition>

<Node id="75" bw="8" op_0_bw="1" op_1_bw="8" op_2_bw="8">
<![CDATA[
.preheader.preheader.0:64  %select_ln15 = select i1 %icmp_ln15_1, i8 %temp_12, i8 %select_ln14

]]></Node>
<StgValue><ssdm name="select_ln15"/></StgValue>
</operation>

<operation id="63" st_id="2" stage="1" lat="1">
<core>Sel</core>
<MemPortIdVec></MemPortIdVec>
<condition id="-1">
<or_exp><and_exp></and_exp></or_exp>
</condition>

<Node id="76" bw="8" op_0_bw="1" op_1_bw="8" op_2_bw="8">
<![CDATA[
.preheader.preheader.0:65  %select_ln15_1 = select i1 %icmp_ln15_1, i8 %select_ln14, i8 %temp_12

]]></Node>
<StgValue><ssdm name="select_ln15_1"/></StgValue>
</operation>

<operation id="64" st_id="2" stage="1" lat="1">
<core>Cmp</core>
<MemPortIdVec></MemPortIdVec>
<condition id="-1">
<or_exp><and_exp></and_exp></or_exp>
</condition>

<Node id="77" bw="1" op_0_bw="8" op_1_bw="8">
<![CDATA[
.preheader.preheader.0:66  %icmp_ln15_2 = icmp ugt i8 %temp_10, %select_ln15_1

]]></Node>
<StgValue><ssdm name="icmp_ln15_2"/></StgValue>
</operation>

<operation id="65" st_id="2" stage="1" lat="1">
<core>Sel</core>
<MemPortIdVec></MemPortIdVec>
<condition id="-1">
<or_exp><and_exp></and_exp></or_exp>
</condition>

<Node id="78" bw="8" op_0_bw="1" op_1_bw="8" op_2_bw="8">
<![CDATA[
.preheader.preheader.0:67  %temp_13 = select i1 %icmp_ln15_2, i8 %temp_10, i8 %select_ln15_1

]]></Node>
<StgValue><ssdm name="temp_13"/></StgValue>
</operation>
</state>

<state id="3" st_id="3">

<operation id="66" st_id="3" stage="1" lat="1">
<core>NULL</core>
<MemPortIdVec></MemPortIdVec>
<condition id="-1">
<or_exp><and_exp></and_exp></or_exp>
</condition>

<Node id="11" bw="0" op_0_bw="0" op_1_bw="8">
<![CDATA[
.preheader.preheader.0:0  call void (...)* @_ssdm_op_SpecBitsMap(i8 %row1) nounwind, !map !16

]]></Node>
<StgValue><ssdm name="specbitsmap_ln0"/></StgValue>
</operation>

<operation id="67" st_id="3" stage="1" lat="1">
<core>NULL</core>
<MemPortIdVec></MemPortIdVec>
<condition id="-1">
<or_exp><and_exp></and_exp></or_exp>
</condition>

<Node id="12" bw="0" op_0_bw="0" op_1_bw="8">
<![CDATA[
.preheader.preheader.0:1  call void (...)* @_ssdm_op_SpecBitsMap(i8 %row2) nounwind, !map !22

]]></Node>
<StgValue><ssdm name="specbitsmap_ln0"/></StgValue>
</operation>

<operation id="68" st_id="3" stage="1" lat="1">
<core>NULL</core>
<MemPortIdVec></MemPortIdVec>
<condition id="-1">
<or_exp><and_exp></and_exp></or_exp>
</condition>

<Node id="13" bw="0" op_0_bw="0" op_1_bw="8">
<![CDATA[
.preheader.preheader.0:2  call void (...)* @_ssdm_op_SpecBitsMap(i8 %row3) nounwind, !map !26

]]></Node>
<StgValue><ssdm name="specbitsmap_ln0"/></StgValue>
</operation>

<operation id="69" st_id="3" stage="1" lat="1">
<core>NULL</core>
<MemPortIdVec></MemPortIdVec>
<condition id="-1">
<or_exp><and_exp></and_exp></or_exp>
</condition>

<Node id="14" bw="0" op_0_bw="0" op_1_bw="8">
<![CDATA[
.preheader.preheader.0:3  call void (...)* @_ssdm_op_SpecBitsMap(i8* %V) nounwind, !map !30

]]></Node>
<StgValue><ssdm name="specbitsmap_ln0"/></StgValue>
</operation>

<operation id="70" st_id="3" stage="1" lat="1">
<core>NULL</core>
<MemPortIdVec></MemPortIdVec>
<condition id="-1">
<or_exp><and_exp></and_exp></or_exp>
</condition>

<Node id="15" bw="0" op_0_bw="0" op_1_bw="0">
<![CDATA[
.preheader.preheader.0:4  call void (...)* @_ssdm_op_SpecTopModule([13 x i8]* @MedianFilter_str) nounwind

]]></Node>
<StgValue><ssdm name="spectopmodule_ln0"/></StgValue>
</operation>

<operation id="71" st_id="3" stage="1" lat="1">
<core>NULL</core>
<MemPortIdVec></MemPortIdVec>
<condition id="-1">
<or_exp><and_exp></and_exp></or_exp>
</condition>

<Node id="19" bw="0" op_0_bw="0" op_1_bw="32" op_2_bw="32" op_3_bw="32" op_4_bw="32" op_5_bw="0">
<![CDATA[
.preheader.preheader.0:8  call void (...)* @_ssdm_op_SpecPipeline(i32 1, i32 1, i32 1, i32 0, [1 x i8]* @p_str) nounwind

]]></Node>
<StgValue><ssdm name="specpipeline_ln45"/></StgValue>
</operation>

<operation id="72" st_id="3" stage="1" lat="1">
<core>Cmp</core>
<MemPortIdVec></MemPortIdVec>
<condition id="-1">
<or_exp><and_exp></and_exp></or_exp>
</condition>

<Node id="79" bw="1" op_0_bw="8" op_1_bw="8">
<![CDATA[
.preheader.preheader.0:68  %icmp_ln16 = icmp ugt i8 %temp_13, %select_ln15

]]></Node>
<StgValue><ssdm name="icmp_ln16"/></StgValue>
</operation>

<operation id="73" st_id="3" stage="1" lat="1">
<core>Sel</core>
<MemPortIdVec></MemPortIdVec>
<condition id="-1">
<or_exp><and_exp></and_exp></or_exp>
</condition>

<Node id="80" bw="8" op_0_bw="1" op_1_bw="8" op_2_bw="8">
<![CDATA[
.preheader.preheader.0:69  %select_ln16 = select i1 %icmp_ln16, i8 %select_ln15, i8 %temp_13

]]></Node>
<StgValue><ssdm name="select_ln16"/></StgValue>
</operation>

<operation id="74" st_id="3" stage="1" lat="1">
<core>NULL</core>
<MemPortIdVec></MemPortIdVec>
<condition id="-1">
<or_exp><and_exp></and_exp></or_exp>
</condition>

<Node id="81" bw="0" op_0_bw="0" op_1_bw="8" op_2_bw="8">
<![CDATA[
.preheader.preheader.0:70  call void @_ssdm_op_Write.ap_auto.i8P(i8* %V, i8 %select_ln16) nounwind

]]></Node>
<StgValue><ssdm name="write_ln73"/></StgValue>
</operation>

<operation id="75" st_id="3" stage="1" lat="1">
<core>NULL</core>
<MemPortIdVec></MemPortIdVec>
<condition id="-1">
<or_exp><and_exp></and_exp></or_exp>
</condition>

<Node id="82" bw="0">
<![CDATA[
.preheader.preheader.0:71  ret void

]]></Node>
<StgValue><ssdm name="ret_ln74"/></StgValue>
</operation>
</state>
</state_list>


<ports>
</ports>


<dataflows>
</dataflows>


</stg>
