<?xml version="1.0" encoding="UTF-8"?>
<vivadoHLSLog:LogRoot xmlns:vivadoHLSLog="www.xilinx.com/vivadoHLSLog">
  <errorLogs>
    <logs>
      <synLog/>
      <simLog/>
      <mgLog/>
      <packageLog/>
      <csimLog/>
    </logs>
  </errorLogs>
  <warningLogs>
    <logs>
      <synLog>
        <logs message="WARNING: [RTGEN 206-101] Register 'pixelWindowBuffer_6' is power-on initialization." projectName="hls_project" solutionName="solution1" date="2019-04-24T11:52:05.460+0530" type="Warning"/>
        <logs message="WARNING: [RTGEN 206-101] Register 'pixelWindowBuffer_7' is power-on initialization." projectName="hls_project" solutionName="solution1" date="2019-04-24T11:52:05.452+0530" type="Warning"/>
        <logs message="WARNING: [RTGEN 206-101] Register 'pixelWindowBuffer_3' is power-on initialization." projectName="hls_project" solutionName="solution1" date="2019-04-24T11:52:05.437+0530" type="Warning"/>
        <logs message="WARNING: [RTGEN 206-101] Register 'pixelWindowBuffer_4' is power-on initialization." projectName="hls_project" solutionName="solution1" date="2019-04-24T11:52:05.428+0530" type="Warning"/>
        <logs message="WARNING: [RTGEN 206-101] Register 'pixelWindowBuffer_0' is power-on initialization." projectName="hls_project" solutionName="solution1" date="2019-04-24T11:52:05.421+0530" type="Warning"/>
        <logs message="WARNING: [RTGEN 206-101] Register 'pixelWindowBuffer_1' is power-on initialization." projectName="hls_project" solutionName="solution1" date="2019-04-24T11:52:05.408+0530" type="Warning"/>
      </synLog>
      <simLog/>
      <mgLog/>
      <packageLog/>
      <csimLog/>
    </logs>
  </warningLogs>
</vivadoHLSLog:LogRoot>
