{
  "Top": "MedianFilter",
  "RtlTop": "MedianFilter",
  "RtlPrefix": "",
  "SourceLanguage": "cpp",
  "ResetStyle": "control",
  "GenerateBdFiles": "0",
  "HostMachineBits": "64",
  "Target": {
    "Family": "kintex7",
    "Device": "xc7k160t",
    "Package": "-fbg484",
    "Speed": "-1"
  },
  "HlsSolution": {"Config": ["config_interface -clock_enable=1"]},
  "Args": {
    "row1": {
      "index": "0",
      "type": {
        "dataType": "unsigned",
        "dataWidth": "8",
        "interfaceRef": "row1"
      }
    },
    "row2": {
      "index": "1",
      "type": {
        "dataType": "unsigned",
        "dataWidth": "8",
        "interfaceRef": "row2"
      }
    },
    "row3": {
      "index": "2",
      "type": {
        "dataType": "unsigned",
        "dataWidth": "8",
        "interfaceRef": "row3"
      }
    },
    "V": {
      "index": "3",
      "type": {
        "kinds": ["pointer"],
        "dataType": "unsigned",
        "dataWidth": "8",
        "interfaceRef": "V"
      }
    }
  },
  "Return": {
    
  },
  "ClockInfo": {
    "ClockName": "ap_clk",
    "ClockPeriod": "10",
    "IsCombLogic": "0",
    "II": "1",
    "Latency": "2",
    "Uncertainty": "1.25"
  },
  "Xdc": {"OocClocks": ["create_clock -name ap_clk -period 10.000 [get_ports ap_clk]"]},
  "Ipx": {
    "Vendor": "xilinx.com",
    "Library": "hls",
    "Name": "MedianFilter",
    "Version": "1.0",
    "DisplayName": "Medianfilter",
    "Revision": "",
    "Description": "An IP generated by Vivado HLS",
    "Taxonomy": "\/VIVADO_HLS_IP",
    "AutoFamilySupport": ""
  },
  "Files": {
    "CSource": ["..\/..\/MedianFilter.cpp"],
    "Vhdl": ["impl\/vhdl\/MedianFilter.vhd"],
    "Verilog": ["impl\/verilog\/MedianFilter.v"],
    "Misc": ["impl\/misc\/logo.png"],
    "DesignXml": "\/proj\/dsv_xhd\/viswanad\/Sysgen_tutorial\/Lab2\/C_code\/solution\/hls_project\/solution1\/.autopilot\/db\/MedianFilter.design.xml",
    "DebugDir": "\/proj\/dsv_xhd\/viswanad\/Sysgen_tutorial\/Lab2\/C_code\/solution\/hls_project\/solution1\/.debug",
    "ProtoInst": ["\/proj\/dsv_xhd\/viswanad\/Sysgen_tutorial\/Lab2\/C_code\/solution\/hls_project\/solution1\/.debug\/MedianFilter.protoinst"]
  },
  "SubcoreInfo": {
    "HasXpmMemory": false,
    "HasClockedDsp": false,
    "IP": []
  },
  "Interfaces": {
    "ap_ce": {
      "type": "clockenable",
      "ctype": {"CE": {"Type": "bool"}},
      "bundle_name": "ap_ce",
      "bundle_role": "default"
    },
    "ap_clk": {
      "type": "clock",
      "ctype": {"CLK": {"Type": "bool"}},
      "bundle_name": "ap_clk",
      "bundle_role": "default",
      "reset": "ap_rst"
    },
    "ap_ctrl": {
      "type": "ap_ctrl",
      "ctrl_ports": "ap_start ap_done ap_idle ap_ready",
      "ctype": {
        "start": {"Type": "bool"},
        "done": {"Type": "bool"},
        "idle": {"Type": "bool"},
        "ready": {"Type": "bool"}
      }
    },
    "ap_rst": {
      "type": "reset",
      "polarity": "ACTIVE_HIGH",
      "ctype": {"RST": {"Type": "bool"}},
      "bundle_name": "ap_rst",
      "bundle_role": "default"
    },
    "row1": {
      "type": "data",
      "dir": "in",
      "width": "8",
      "ctype": {"DATA": {
          "Type": "integer unsigned",
          "Width": "8"
        }},
      "bundle_name": "row1",
      "bundle_role": "default"
    },
    "row2": {
      "type": "data",
      "dir": "in",
      "width": "8",
      "ctype": {"DATA": {
          "Type": "integer unsigned",
          "Width": "8"
        }},
      "bundle_name": "row2",
      "bundle_role": "default"
    },
    "row3": {
      "type": "data",
      "dir": "in",
      "width": "8",
      "ctype": {"DATA": {
          "Type": "integer unsigned",
          "Width": "8"
        }},
      "bundle_name": "row3",
      "bundle_role": "default"
    },
    "V": {
      "type": "data",
      "dir": "out",
      "width": "8",
      "ctype": {"DATA": {
          "Type": "integer unsigned",
          "Width": "8"
        }},
      "bundle_name": "V",
      "bundle_role": "default"
    }
  },
  "RtlPorts": {
    "ap_clk": {
      "dir": "in",
      "width": "1"
    },
    "ap_rst": {
      "dir": "in",
      "width": "1"
    },
    "ap_start": {
      "dir": "in",
      "width": "1"
    },
    "ap_done": {
      "dir": "out",
      "width": "1"
    },
    "ap_idle": {
      "dir": "out",
      "width": "1"
    },
    "ap_ready": {
      "dir": "out",
      "width": "1"
    },
    "ap_ce": {
      "dir": "in",
      "width": "1"
    },
    "row1": {
      "dir": "in",
      "width": "8"
    },
    "row2": {
      "dir": "in",
      "width": "8"
    },
    "row3": {
      "dir": "in",
      "width": "8"
    },
    "V": {
      "dir": "out",
      "width": "8"
    },
    "V_ap_vld": {
      "dir": "out",
      "width": "1"
    }
  },
  "ModuleInfo": {
    "Hierarchy": {"ModuleName": "MedianFilter"},
    "Info": {"MedianFilter": {
        "FunctionProtocol": "ap_ctrl_hs",
        "isTaskLevelControl": "1",
        "isPipelined": "1",
        "isCombinational": "0",
        "isOneStateSeq": "0"
      }},
    "Metrics": {"MedianFilter": {
        "Latency": {
          "LatencyBest": "2",
          "LatencyAvg": "2",
          "LatencyWorst": "2",
          "PipelineII": "1",
          "PipelineDepth": "3",
          "PipelineType": "function"
        },
        "Timing": {
          "Target": "10.00",
          "Uncertainty": "1.25",
          "Estimate": "7.856"
        },
        "Area": {
          "FF": "115",
          "LUT": "467",
          "BRAM_18K": "0",
          "DSP48E": "0",
          "URAM": "0"
        }
      }}
  },
  "Sdx": {
    "Target": "none",
    "ProfileOption": "0",
    "ProfileType": "none",
    "XO": "",
    "KernelName": "MedianFilter",
    "EnableXoSwEmu": "1"
  },
  "GenData": {
    "DataVersion": "0.2",
    "Time": "2019-04-24 11:52:06 IST",
    "ToolName": "vivado_hls",
    "ToolVersion": "2019.1"
  }
}
